6.020833333333333037e+00,1.620837450027465820e+00,2.538654953241348267e-03,2.007606983184814453e+00
6.041666666666666963e+00,1.620915293693542480e+00,2.720977878198027611e-03,2.014276742935180664e+00
6.062500000000000000e+00,1.621075630187988281e+00,2.639730693772435188e-03,2.026058673858642578e+00
6.083333333333333037e+00,1.621505618095397949e+00,2.160286065191030502e-03,2.043032169342041016e+00
6.104166666666666963e+00,1.622400522232055664e+00,1.185508561320602894e-03,2.065188407897949219e+00
6.125000000000000000e+00,1.623949050903320312e+00,-3.504550841171294451e-04,2.092404127120971680e+00
6.145833333333333037e+00,1.626340270042419434e+00,-2.431065309792757034e-03,2.124277353286743164e+00
6.166666666666666963e+00,1.629712104797363281e+00,-4.942153580486774445e-03,2.160094261169433594e+00
6.187500000000000000e+00,1.634051680564880371e+00,-7.689096033573150635e-03,2.198873043060302734e+00
6.208333333333333037e+00,1.639294743537902832e+00,-1.049302797764539719e-02,2.239604949951171875e+00
6.229166666666666963e+00,1.645446538925170898e+00,-1.329267676919698715e-02,2.281399250030517578e+00
6.250000000000000000e+00,1.652510046958923340e+00,-1.605583913624286652e-02,2.323507785797119141e+00
6.270833333333333037e+00,1.660422563552856445e+00,-1.871006377041339874e-02,2.365309715270996094e+00
6.291666666666666963e+00,1.669083714485168457e+00,-2.119149453938007355e-02,2.406320095062255859e+00
6.312500000000000000e+00,1.678377747535705566e+00,-2.348710596561431885e-02,2.446177244186401367e+00
6.333333333333333037e+00,1.688184618949890137e+00,-2.559371478855609894e-02,2.484634399414062500e+00
6.354166666666666963e+00,1.698383450508117676e+00,-2.747518010437488556e-02,2.521564006805419922e+00
6.375000000000000000e+00,1.708844780921936035e+00,-2.908590994775295258e-02,2.556934118270874023e+00
6.395833333333333037e+00,1.719415307044982910e+00,-3.039694391191005707e-02,2.590818405151367188e+00
6.416666666666666963e+00,1.729901194572448730e+00,-3.138249740004539490e-02,2.623348712921142578e+00
6.437500000000000000e+00,1.740087151527404785e+00,-3.200569376349449158e-02,2.654689311981201172e+00
6.458333333333333037e+00,1.749772429466247559e+00,-3.225402534008026123e-02,2.684980392456054688e+00
6.479166666666666963e+00,1.758767247200012207e+00,-3.213016316294670105e-02,2.714339017868041992e+00
6.500000000000000000e+00,1.766865491867065430e+00,-3.164249286055564880e-02,2.742858886718750000e+00
6.520833333333333037e+00,1.773863315582275391e+00,-3.081889636814594269e-02,2.770603895187377930e+00
6.541666666666666963e+00,1.779611349105834961e+00,-2.969167567789554596e-02,2.797604084014892578e+00
6.562500000000000000e+00,1.783998370170593262e+00,-2.826014161109924316e-02,2.823866367340087891e+00
6.583333333333333037e+00,1.786910295486450195e+00,-2.652629651129245758e-02,2.849373102188110352e+00
6.604166666666666963e+00,1.788244366645812988e+00,-2.453633770346641541e-02,2.874095439910888672e+00
6.625000000000000000e+00,1.787951827049255371e+00,-2.234388142824172974e-02,2.898004531860351562e+00
6.645833333333333037e+00,1.786021590232849121e+00,-1.996079087257385254e-02,2.921076297760009766e+00
6.666666666666666963e+00,1.782437443733215332e+00,-1.739160157740116119e-02,2.943279504776000977e+00
6.687500000000000000e+00,1.777182102203369141e+00,-1.468072645366191864e-02,2.964590787887573242e+00
6.708333333333333037e+00,1.770277380943298340e+00,-1.188018266111612320e-02,2.985008478164672852e+00
6.729166666666666963e+00,1.761762738227844238e+00,-9.008822031319141388e-03,3.004541158676147461e+00
6.750000000000000000e+00,1.751667857170104980e+00,-6.090384908020496368e-03,3.023201704025268555e+00
6.770833333333333037e+00,1.740037560462951660e+00,-3.193068783730268478e-03,3.041017532348632812e+00
6.791666666666666963e+00,1.726947069168090820e+00,-3.944739000871777534e-04,3.058033227920532227e+00
6.812500000000000000e+00,1.712474822998046875e+00,2.264858921989798546e-03,3.074288368225097656e+00
6.833333333333333037e+00,1.696685671806335449e+00,4.750878550112247467e-03,3.089813232421875000e+00
6.854166666666666963e+00,1.679662942886352539e+00,7.014168426394462585e-03,3.104647636413574219e+00
6.875000000000000000e+00,1.661502957344055176e+00,9.027589112520217896e-03,3.118835449218750000e+00
6.895833333333333037e+00,1.642286181449890137e+00,1.080545969307422638e-02,3.132409811019897461e+00
6.916666666666666963e+00,1.622102737426757812e+00,1.236611790955066681e-02,3.145402908325195312e+00
6.937500000000000000e+00,1.601074695587158203e+00,1.368137449026107788e-02,3.157866954803466797e+00
6.958333333333333037e+00,1.579326748847961426e+00,1.471330970525741577e-02,3.169838666915893555e+00
6.979166666666666963e+00,1.556947350502014160e+00,1.546454150229692459e-02,3.181342363357543945e+00
7.000000000000000000e+00,1.534021854400634766e+00,1.594561710953712463e-02,3.192389726638793945e+00
7.020833333333333037e+00,1.510657906532287598e+00,1.615306548774242401e-02,3.203007698059082031e+00
7.041666666666666963e+00,1.486948013305664062e+00,1.611112616956233978e-02,3.213217973709106445e+00
7.062500000000000000e+00,1.462946534156799316e+00,1.585075818002223969e-02,3.223016500473022461e+00
7.083333333333333037e+00,1.438701033592224121e+00,1.537165138870477676e-02,3.232398509979248047e+00
7.104166666666666963e+00,1.414293169975280762e+00,1.467176061123609543e-02,3.241397142410278320e+00
7.125000000000000000e+00,1.389807224273681641e+00,1.378250028938055038e-02,3.250059604644775391e+00
7.145833333333333037e+00,1.365284919738769531e+00,1.274022832512855530e-02,3.258415699005126953e+00
7.166666666666666963e+00,1.340759634971618652e+00,1.155494339764118195e-02,3.266478061676025391e+00
7.187500000000000000e+00,1.316279768943786621e+00,1.025243010371923447e-02,3.274254798889160156e+00
7.208333333333333037e+00,1.291867494583129883e+00,8.883860893547534943e-03,3.281753540039062500e+00
7.229166666666666963e+00,1.267528295516967773e+00,7.483875378966331482e-03,3.288978576660156250e+00
7.250000000000000000e+00,1.243290185928344727e+00,6.069265771657228470e-03,3.295936346054077148e+00
7.270833333333333037e+00,1.219176650047302246e+00,4.683168604969978333e-03,3.302634239196777344e+00
7.291666666666666963e+00,1.195164442062377930e+00,3.373492043465375900e-03,3.309077978134155273e+00
7.312500000000000000e+00,1.171221494674682617e+00,2.143476158380508423e-03,3.315271377563476562e+00
7.333333333333333037e+00,1.147357702255249023e+00,9.889550274237990379e-04,3.321216583251953125e+00
7.354166666666666963e+00,1.123585939407348633e+00,-5.043371493229642510e-05,3.326915979385375977e+00
7.375000000000000000e+00,1.099870681762695312e+00,-9.277908247895538807e-04,3.332372903823852539e+00
7.395833333333333037e+00,1.076162695884704590e+00,-1.641867682337760925e-03,3.337589979171752930e+00
7.416666666666666963e+00,1.052449584007263184e+00,-2.206212840974330902e-03,3.342569351196289062e+00
7.437500000000000000e+00,1.028729319572448730e+00,-2.607638016343116760e-03,3.347315788269042969e+00
7.458333333333333037e+00,1.004974961280822754e+00,-2.836622530594468117e-03,3.351835727691650391e+00
7.479166666666666963e+00,9.811594486236572266e-01,-2.926612738519906998e-03,3.356133937835693359e+00
7.500000000000000000e+00,9.572854638099670410e-01,-2.914838725700974464e-03,3.360213279724121094e+00
7.520833333333333037e+00,9.333468079566955566e-01,-2.791577717289328575e-03,3.364070653915405273e+00
7.541666666666666963e+00,9.092953801155090332e-01,-2.537749940529465675e-03,3.367702245712280273e+00
7.562500000000000000e+00,8.850840330123901367e-01,-2.177566289901733398e-03,3.371104001998901367e+00
7.583333333333333037e+00,8.606998920440673828e-01,-1.740731182508170605e-03,3.374272584915161133e+00
7.604166666666666963e+00,8.361235857009887695e-01,-1.218162709847092628e-03,3.377209424972534180e+00
7.625000000000000000e+00,8.113121986389160156e-01,-5.999433924444019794e-04,3.379920244216918945e+00
7.645833333333333037e+00,7.862462997436523438e-01,8.228577644331380725e-05,3.382412195205688477e+00
7.666666666666666963e+00,7.609134912490844727e-01,7.929463172331452370e-04,3.384689569473266602e+00
7.687500000000000000e+00,7.352903485298156738e-01,1.541760866530239582e-03,3.386755943298339844e+00
7.708333333333333037e+00,7.093803286552429199e-01,2.345875371247529984e-03,3.388614654541015625e+00
7.729166666666666963e+00,6.832065582275390625e-01,3.179271006956696510e-03,3.390276193618774414e+00
7.750000000000000000e+00,6.567826271057128906e-01,4.009500145912170410e-03,3.391755580902099609e+00
7.770833333333333037e+00,6.301357746124267578e-01,4.838339518755674362e-03,3.393070459365844727e+00
7.791666666666666963e+00,6.033356785774230957e-01,5.661104340106248856e-03,3.394243001937866211e+00
7.812500000000000000e+00,5.764635801315307617e-01,6.435470189899206161e-03,3.395298480987548828e+00
7.833333333333333037e+00,5.496028065681457520e-01,7.124115712940692902e-03,3.396256685256958008e+00
7.854166666666666963e+00,5.228749513626098633e-01,7.737330161035060883e-03,3.397145271301269531e+00
7.875000000000000000e+00,4.963972866535186768e-01,8.291086181998252869e-03,3.397994995117187500e+00
7.895833333333333037e+00,4.702624976634979248e-01,8.759279735386371613e-03,3.398833990097045898e+00
7.916666666666666963e+00,4.445938169956207275e-01,9.116148576140403748e-03,3.399683952331542969e+00
7.937500000000000000e+00,4.195181131362915039e-01,9.387136436998844147e-03,3.400545835494995117e+00
7.958333333333333037e+00,3.951300978660583496e-01,9.606422856450080872e-03,3.401409387588500977e+00
7.979166666666666963e+00,3.715362548828125000e-01,9.762402623891830444e-03,3.402258396148681641e+00
8.000000000000000000e+00,3.488506376743316650e-01,9.842843748629093170e-03,3.403072118759155273e+00
8.020833333333333925e+00,3.271445930004119873e-01,9.886386804282665253e-03,3.403836011886596680e+00
8.041666666666666075e+00,3.064787387847900391e-01,9.938983246684074402e-03,3.404535055160522461e+00
8.062500000000000000e+00,2.869421541690826416e-01,1.000109966844320297e-02,3.405149459838867188e+00
8.083333333333333925e+00,2.686050832271575928e-01,1.006661728024482727e-02,3.405658483505249023e+00
8.104166666666666075e+00,2.514841854572296143e-01,1.014951709657907486e-02,3.406054019927978516e+00
8.125000000000000000e+00,2.355851680040359497e-01,1.023655850440263748e-02,3.406328201293945312e+00
8.145833333333333925e+00,2.209211587905883789e-01,1.030163560062646866e-02,3.406479597091674805e+00
8.166666666666666075e+00,2.074653953313827515e-01,1.035637594759464264e-02,3.406518936157226562e+00
8.187500000000000000e+00,1.951829344034194946e-01,1.041853334754705429e-02,3.406459331512451172e+00
8.208333333333333925e+00,1.840556710958480835e-01,1.045354548841714859e-02,3.406307935714721680e+00
8.229166666666666075e+00,1.740357279777526855e-01,1.041684392839670181e-02,3.406078338623046875e+00
8.250000000000000000e+00,1.650530546903610229e-01,1.031219121068716049e-02,3.405798673629760742e+00
8.270833333333333925e+00,1.570729315280914307e-01,1.016321871429681778e-02,3.405492782592773438e+00
8.291666666666666075e+00,1.500630378723144531e-01,9.961094707250595093e-03,3.405163288116455078e+00
8.312500000000000000e+00,1.439405232667922974e-01,9.685352444648742676e-03,3.404828310012817383e+00
8.333333333333333925e+00,1.386127471923828125e-01,9.359490126371383667e-03,3.404515981674194336e+00
8.354166666666666075e+00,1.340302675962448120e-01,9.011007845401763916e-03,3.404232978820800781e+00
8.375000000000000000e+00,1.301460564136505127e-01,8.612667210400104523e-03,3.403980493545532227e+00
8.395833333333333925e+00,1.268607527017593384e-01,8.125082589685916901e-03,3.403771162033081055e+00
8.416666666666666075e+00,1.240658313035964966e-01,7.555992342531681061e-03,3.403612852096557617e+00
8.437500000000000000e+00,1.216980665922164917e-01,6.942561361938714981e-03,3.403506278991699219e+00
8.458333333333333925e+00,1.196997910737991333e-01,6.298874039202928543e-03,3.403437376022338867e+00
8.479166666666666075e+00,1.179638355970382690e-01,5.623397883027791977e-03,3.403388023376464844e+00
8.500000000000000000e+00,1.163763701915740967e-01,4.949271678924560547e-03,3.403334379196166992e+00
8.520833333333333925e+00,1.148744001984596252e-01,4.312477074563503265e-03,3.403240919113159180e+00
8.541666666666666075e+00,1.134207323193550110e-01,3.700548317283391953e-03,3.403073549270629883e+00
8.562500000000000000e+00,1.119534373283386230e-01,3.092428669333457947e-03,3.402802467346191406e+00
8.583333333333333925e+00,1.104090735316276550e-01,2.509527606889605522e-03,3.402402162551879883e+00
8.604166666666666075e+00,1.087719127535820007e-01,1.976538449525833130e-03,3.401852369308471680e+00
8.625000000000000000e+00,1.070352271199226379e-01,1.469421433284878731e-03,3.401138305664062500e+00
8.645833333333333925e+00,1.051478460431098938e-01,9.539761813357472420e-04,3.400252103805541992e+00
8.666666666666666075e+00,1.030526012182235718e-01,4.377858131192624569e-04,3.399189710617065430e+00
8.687500000000000000e+00,1.007377430796623230e-01,-5.976845204713754356e-05,3.397952318191528320e+00
8.708333333333333925e+00,9.820099174976348877e-02,-5.437373765744268894e-04,3.396544456481933594e+00
8.729166666666666075e+00,9.540707617998123169e-02,-1.011223997920751572e-03,3.394975662231445312e+00
8.750000000000000000e+00,9.232994168996810913e-02,-1.441176747903227806e-03,3.393259048461914062e+00
8.770833333333333925e+00,8.898454904556274414e-02,-1.838754978962242603e-03,3.391406297683715820e+00
8.791666666666666075e+00,8.538215607404708862e-02,-2.219486283138394356e-03,3.389424562454223633e+00
8.812500000000000000e+00,8.148771524429321289e-02,-2.556562889367341995e-03,3.387317180633544922e+00
8.833333333333333925e+00,7.726811617612838745e-02,-2.818364417180418968e-03,3.385089159011840820e+00
8.854166666666666075e+00,7.273675501346588135e-02,-3.021126147359609604e-03,3.382738113403320312e+00
8.875000000000000000e+00,6.790933012962341309e-02,-3.196805482730269432e-03,3.380267858505249023e+00
8.895833333333333925e+00,6.275369971990585327e-02,-3.339829621836543083e-03,3.377673149108886719e+00
8.916666666666666075e+00,5.723400786519050598e-02,-3.439391031861305237e-03,3.374932289123535156e+00
8.937500000000000000e+00,5.136038362979888916e-02,-3.520416328683495522e-03,3.372035026550292969e+00
8.958333333333333925e+00,4.515134915709495544e-02,-3.600154072046279907e-03,3.368970394134521484e+00
8.979166666666666075e+00,3.858395293354988098e-02,-3.649695543572306633e-03,3.365719079971313477e+00
9.000000000000000000e+00,3.163263201713562012e-02,-3.635942237451672554e-03,3.362264633178710938e+00
9.020833333333333925e+00,2.432169206440448761e-02,-3.575860057026147842e-03,3.358592033386230469e+00
9.041666666666666075e+00,1.668734848499298096e-02,-3.497761907055974007e-03,3.354686021804809570e+00
9.062500000000000000e+00,8.726426400244235992e-03,-3.388699144124984741e-03,3.350530385971069336e+00
9.083333333333333925e+00,4.329239891376346350e-04,-3.231819253414869308e-03,3.346100807189941406e+00
9.104166666666666075e+00,-8.153769187629222870e-03,-3.057109657675027847e-03,3.341389656066894531e+00
9.125000000000000000e+00,-1.698577404022216797e-02,-2.903288463130593300e-03,3.336398124694824219e+00
9.145833333333333925e+00,-2.605578489601612091e-02,-2.767779864370822906e-03,3.331120729446411133e+00
9.166666666666666075e+00,-3.536184132099151611e-02,-2.642125124111771584e-03,3.325562477111816406e+00
9.187500000000000000e+00,-4.485715553164482117e-02,-2.545163966715335846e-03,3.319754123687744141e+00
9.208333333333333925e+00,-5.448494851589202881e-02,-2.484369557350873947e-03,3.313729286193847656e+00
9.229166666666666075e+00,-6.422063708305358887e-02,-2.428233157843351364e-03,3.307538032531738281e+00
9.250000000000000000e+00,-7.403523474931716919e-02,-2.347715431824326515e-03,3.301244020462036133e+00
9.270833333333333925e+00,-8.384796977043151855e-02,-2.266176743432879448e-03,3.294918298721313477e+00
9.291666666666666075e+00,-9.356537461280822754e-02,-2.220147987827658653e-03,3.288639545440673828e+00
9.312500000000000000e+00,-1.031370684504508972e-01,-2.200328977778553963e-03,3.282480716705322266e+00
9.333333333333333925e+00,-1.125213801860809326e-01,-2.190560102462768555e-03,3.276497364044189453e+00
9.354166666666666075e+00,-1.216517090797424316e-01,-2.209317637607455254e-03,3.270749568939208984e+00
9.375000000000000000e+00,-1.304826438426971436e-01,-2.262826776131987572e-03,3.265282869338989258e+00
9.395833333333333925e+00,-1.389904469251632690e-01,-2.317760139703750610e-03,3.260128736495971680e+00
9.416666666666666075e+00,-1.471204608678817749e-01,-2.351429080590605736e-03,3.255302190780639648e+00
9.437500000000000000e+00,-1.548118293285369873e-01,-2.387559041380882263e-03,3.250799655914306641e+00
9.458333333333333925e+00,-1.620599031448364258e-01,-2.445239806547760963e-03,3.246614933013916016e+00
9.479166666666666075e+00,-1.688712835311889648e-01,-2.488119993358850479e-03,3.242729425430297852e+00
9.500000000000000000e+00,-1.752047985792160034e-01,-2.471609506756067276e-03,3.239113807678222656e+00
9.520833333333333925e+00,-1.810173094272613525e-01,-2.404944505542516708e-03,3.235736370086669922e+00
9.541666666666666075e+00,-1.863187104463577271e-01,-2.306660171598196030e-03,3.232566833496093750e+00
9.562500000000000000e+00,-1.911353915929794312e-01,-2.156139817088842392e-03,3.229581832885742188e+00
9.583333333333333925e+00,-1.954668015241622925e-01,-1.938548055477440357e-03,3.226761579513549805e+00
9.604166666666666075e+00,-1.993224620819091797e-01,-1.688041258603334427e-03,3.224088668823242188e+00
9.625000000000000000e+00,-2.027560025453567505e-01,-1.443424844183027744e-03,3.221553564071655273e+00
9.645833333333333925e+00,-2.058184444904327393e-01,-1.191052026115357876e-03,3.219151973724365234e+00
9.666666666666666075e+00,-2.085085213184356689e-01,-9.076258866116404533e-04,3.216872930526733398e+00
9.687500000000000000e+00,-2.108171731233596802e-01,-6.184512749314308167e-04,3.214707851409912109e+00
9.708333333333333925e+00,-2.127848565578460693e-01,-3.555482835508882999e-04,3.212656021118164062e+00
9.729166666666666075e+00,-2.144602984189987183e-01,-1.004212172119878232e-04,3.210716009140014648e+00
9.750000000000000000e+00,-2.158518731594085693e-01,1.746786001604050398e-04,3.208884954452514648e+00
9.770833333333333925e+00,-2.169713526964187622e-01,4.481897922232747078e-04,3.207161903381347656e+00
9.791666666666666075e+00,-2.178801149129867554e-01,6.909136427566409111e-04,3.205546379089355469e+00
9.812500000000000000e+00,-2.186453044414520264e-01,9.231678559444844723e-04,3.204037427902221680e+00
9.833333333333333925e+00,-2.192823290824890137e-01,1.172206597402691841e-03,3.202627658843994141e+00
9.854166666666666075e+00,-2.197967618703842163e-01,1.414235797710716724e-03,3.201309680938720703e+00
9.875000000000000000e+00,-2.202426940202713013e-01,1.617641653865575790e-03,3.200078725814819336e+00
9.895833333333333925e+00,-2.206804603338241577e-01,1.800889847800135612e-03,3.198929071426391602e+00
9.916666666666666075e+00,-2.211194336414337158e-01,1.989889424294233322e-03,3.197853565216064453e+00
9.937500000000000000e+00,-2.215592712163925171e-01,2.160572446882724762e-03,3.196844339370727539e+00
9.958333333333333925e+00,-2.220403403043746948e-01,2.281914232298731804e-03,3.195895910263061523e+00
9.979166666666666075e+00,-2.225997298955917358e-01,2.372366376221179962e-03,3.195003271102905273e+00
1.000000000000000000e+01,-2.232231497764587402e-01,2.458086470142006874e-03,3.194162130355834961e+00
1.002083333333333393e+01,-2.238880246877670288e-01,2.515557920560240746e-03,3.193368911743164062e+00
1.004166666666666607e+01,-2.246196866035461426e-01,2.515395404770970345e-03,3.192618608474731445e+00
1.006250000000000000e+01,-2.254484593868255615e-01,2.478504087775945663e-03,3.191908836364746094e+00
1.008333333333333393e+01,-2.263538241386413574e-01,2.434586873278021812e-03,3.191239356994628906e+00
1.010416666666666607e+01,-2.273064404726028442e-01,2.365820342674851418e-03,3.190609455108642578e+00
1.012500000000000000e+01,-2.283250838518142700e-01,2.249205252155661583e-03,3.190015792846679688e+00
1.014583333333333393e+01,-2.294355183839797974e-01,2.112053334712982178e-03,3.189451456069946289e+00
1.016666666666666607e+01,-2.306176871061325073e-01,1.992794917896389961e-03,3.188917398452758789e+00
1.018750000000000000e+01,-2.318426519632339478e-01,1.882240874692797661e-03,3.188412427902221680e+00
1.020833333333333393e+01,-2.331126332283020020e-01,1.762734842486679554e-03,3.187935590744018555e+00
1.022916666666666607e+01,-2.344178557395935059e-01,1.666827825829386711e-03,3.187485456466674805e+00
1.025000000000000000e+01,-2.357137650251388550e-01,1.638401183299720287e-03,3.187062740325927734e+00
1.027083333333333393e+01,-2.369677722454071045e-01,1.671619480475783348e-03,3.186665773391723633e+00
1.029166666666666607e+01,-2.381923794746398926e-01,1.747931586578488350e-03,3.186292409896850586e+00
1.031250000000000000e+01,-2.393990457057952881e-01,1.882478478364646435e-03,3.185940504074096680e+00
1.033333333333333393e+01,-2.405522465705871582e-01,2.083222847431898117e-03,3.185608386993408203e+00
1.035416666666666607e+01,-2.416104227304458618e-01,2.307740505784749985e-03,3.185295343399047852e+00
1.037500000000000000e+01,-2.425814121961593628e-01,2.506699878722429276e-03,3.185000896453857422e+00
1.039583333333333393e+01,-2.434806376695632935e-01,2.679377328604459763e-03,3.184724569320678711e+00
1.041666666666666607e+01,-2.442747503519058228e-01,2.835277235135436058e-03,3.184463024139404297e+00
1.043750000000000000e+01,-2.449241578578948975e-01,2.950916998088359833e-03,3.184216499328613281e+00
1.045833333333333393e+01,-2.454414367675781250e-01,3.014646936208009720e-03,3.183984279632568359e+00
1.047916666666666607e+01,-2.458488345146179199e-01,3.057468682527542114e-03,3.183766126632690430e+00
1.050000000000000000e+01,-2.461217343807220459e-01,3.106809454038739204e-03,3.183559894561767578e+00
1.052083333333333393e+01,-2.462290525436401367e-01,3.141143824905157089e-03,3.183363199234008789e+00
1.054166666666666607e+01,-2.461899518966674805e-01,3.131979377940297127e-03,3.183176517486572266e+00
1.056250000000000000e+01,-2.460330426692962646e-01,3.099975641816854477e-03,3.182999372482299805e+00
1.058333333333333393e+01,-2.457468807697296143e-01,3.074461827054619789e-03,3.182831764221191406e+00
1.060416666666666607e+01,-2.453226447105407715e-01,3.036895766854286194e-03,3.182673454284667969e+00
1.062500000000000000e+01,-2.448026686906814575e-01,2.962114056572318077e-03,3.182524442672729492e+00
1.064583333333333393e+01,-2.442380487918853760e-01,2.874066587537527084e-03,3.182385683059692383e+00
1.066666666666666607e+01,-2.436322420835494995e-01,2.804546849802136421e-03,3.182256698608398438e+00
1.068750000000000000e+01,-2.429810911417007446e-01,2.736784750595688820e-03,3.182137012481689453e+00
1.070833333333333393e+01,-2.423288077116012573e-01,2.647287677973508835e-03,3.182026624679565430e+00
1.072916666666666607e+01,-2.417269945144653320e-01,2.561421599239110947e-03,3.181924819946289062e+00
1.075000000000000000e+01,-2.411788851022720337e-01,2.513427520170807838e-03,3.181830644607543945e+00
1.077083333333333393e+01,-2.406790256500244141e-01,2.490160055458545685e-03,3.181740999221801758e+00
1.079166666666666607e+01,-2.402499765157699585e-01,2.473201602697372437e-03,3.181655645370483398e+00
1.081250000000000000e+01,-2.398979067802429199e-01,2.492545172572135925e-03,3.181572437286376953e+00
1.083333333333333393e+01,-2.396020442247390747e-01,2.585380803793668747e-03,3.181492805480957031e+00
1.085416666666666607e+01,-2.393604665994644165e-01,2.742150565609335899e-03,3.181417942047119141e+00
1.087500000000000000e+01,-2.391785234212875366e-01,2.944417763501405716e-03,3.181341648101806641e+00
1.089583333333333393e+01,-2.390312850475311279e-01,3.200765000656247139e-03,3.181268453598022461e+00
1.091666666666666607e+01,-2.389048188924789429e-01,3.506094450131058693e-03,3.181198358535766602e+00
1.093750000000000000e+01,-2.388225495815277100e-01,3.829406108707189560e-03,3.181132555007934570e+00
1.095833333333333393e+01,-2.387996315956115723e-01,4.160965327173471451e-03,3.181071519851684570e+00
1.097916666666666607e+01,-2.388047575950622559e-01,4.503415897488594055e-03,3.181014060974121094e+00
1.100000000000000000e+01,-2.388038039207458496e-01,4.824225325137376785e-03,3.180961608886718750e+00
1.102083333333333393e+01,-2.388151437044143677e-01,5.093915387988090515e-03,3.180914640426635742e+00
1.104166666666666607e+01,-2.388687729835510254e-01,5.336822010576725006e-03,3.180871725082397461e+00
1.106250000000000000e+01,-2.389499098062515259e-01,5.589048843830823898e-03,3.180830955505371094e+00
1.108333333333333393e+01,-2.390404790639877319e-01,5.842781625688076019e-03,3.180790424346923828e+00
1.110416666666666607e+01,-2.391612529754638672e-01,6.081642117351293564e-03,3.180749177932739258e+00
1.112500000000000000e+01,-2.393291145563125610e-01,6.320407148450613022e-03,3.180709600448608398e+00
1.114583333333333393e+01,-2.395160198211669922e-01,6.565324962139129639e-03,3.180672407150268555e+00
1.116666666666666607e+01,-2.396921664476394653e-01,6.782571785151958466e-03,3.180639743804931641e+00
1.118750000000000000e+01,-2.398814111948013306e-01,6.941385567188262939e-03,3.180612087249755859e+00
1.120833333333333393e+01,-2.401201128959655762e-01,7.065861485898494720e-03,3.180587530136108398e+00
1.122916666666666607e+01,-2.403988093137741089e-01,7.192757446318864822e-03,3.180563211441040039e+00
1.125000000000000000e+01,-2.406910210847854614e-01,7.313946727663278580e-03,3.180541515350341797e+00
1.127083333333333393e+01,-2.410041093826293945e-01,7.415192667394876480e-03,3.180520772933959961e+00
1.129166666666666607e+01,-2.413559556007385254e-01,7.515550125390291214e-03,3.180500507354736328e+00
1.131250000000000000e+01,-2.417204529047012329e-01,7.622456178069114685e-03,3.180480718612670898e+00
1.133333333333333393e+01,-2.420680969953536987e-01,7.704637013375759125e-03,3.180461406707763672e+00
1.135416666666666607e+01,-2.424169033765792847e-01,7.737081497907638550e-03,3.180443763732910156e+00
1.137500000000000000e+01,-2.427897155284881592e-01,7.748410105705261230e-03,3.180427789688110352e+00
1.139583333333333393e+01,-2.431631237268447876e-01,7.779690902680158615e-03,3.180413484573364258e+00
1.141666666666666607e+01,-2.435103952884674072e-01,7.827507331967353821e-03,3.180398464202880859e+00
1.143750000000000000e+01,-2.438455373048782349e-01,7.873371243476867676e-03,3.180383920669555664e+00
1.145833333333333393e+01,-2.441800236701965332e-01,7.931377738714218140e-03,3.180372238159179688e+00
1.147916666666666607e+01,-2.444788813591003418e-01,8.018566295504570007e-03,3.180363416671752930e+00
1.150000000000000000e+01,-2.447036802768707275e-01,8.107528090476989746e-03,3.180357694625854492e+00
1.152083333333333393e+01,-2.448679506778717041e-01,8.167663589119911194e-03,3.180354595184326172e+00
1.154166666666666607e+01,-2.449966371059417725e-01,8.221399970352649689e-03,3.180352210998535156e+00
1.156250000000000000e+01,-2.450698316097259521e-01,8.303483948111534119e-03,3.180348873138427734e+00
1.158333333333333393e+01,-2.450646460056304932e-01,8.404469117522239685e-03,3.180344104766845703e+00
1.160416666666666607e+01,-2.450103759765625000e-01,8.507727645337581635e-03,3.180336713790893555e+00
1.162500000000000000e+01,-2.449487745761871338e-01,8.624138310551643372e-03,3.180328607559204102e+00
1.164583333333333393e+01,-2.448770403861999512e-01,8.749351836740970612e-03,3.180317640304565430e+00
1.166666666666666607e+01,-2.447749823331832886e-01,8.859149180352687836e-03,3.180306911468505859e+00
1.168750000000000000e+01,-2.446569204330444336e-01,8.957635611295700073e-03,3.180300474166870117e+00
1.170833333333333393e+01,-2.445483505725860596e-01,9.058273397386074066e-03,3.180295944213867188e+00
1.172916666666666607e+01,-2.444333732128143311e-01,9.130020625889301300e-03,3.180293560028076172e+00
1.175000000000000000e+01,-2.442939132452011108e-01,9.138470515608787537e-03,3.180290460586547852e+00
1.177083333333333393e+01,-2.441482841968536377e-01,9.100830182433128357e-03,3.180286884307861328e+00
1.179166666666666607e+01,-2.440056204795837402e-01,9.045238606631755829e-03,3.180284023284912109e+00
1.181250000000000000e+01,-2.438316941261291504e-01,8.955243974924087524e-03,3.180281639099121094e+00
1.183333333333333393e+01,-2.435918897390365601e-01,8.811475709080696106e-03,3.180273532867431641e+00
1.185416666666666607e+01,-2.433060407638549805e-01,8.647751063108444214e-03,3.180263042449951172e+00
1.187500000000000000e+01,-2.430084943771362305e-01,8.510326035320758820e-03,3.180254936218261719e+00
1.189583333333333393e+01,-2.426930218935012817e-01,8.399877697229385376e-03,3.180246591567993164e+00
1.191666666666666607e+01,-2.423505932092666626e-01,8.297061547636985779e-03,3.180237054824829102e+00
1.193750000000000000e+01,-2.420012056827545166e-01,8.213056251406669617e-03,3.180229187011718750e+00
1.195833333333333393e+01,-2.416485249996185303e-01,8.167109452188014984e-03,3.180218696594238281e+00
1.197916666666666607e+01,-2.412730306386947632e-01,8.133344352245330811e-03,3.180208444595336914e+00
1.200000000000000000e+01,-2.408802658319473267e-01,8.080476894974708557e-03,3.180202007293701172e+00
1.202083333333333393e+01,-2.404878735542297363e-01,8.027392439544200897e-03,3.180197715759277344e+00
1.204166666666666607e+01,-2.400723099708557129e-01,8.001971058547496796e-03,3.180194854736328125e+00
1.206250000000000000e+01,-2.396097928285598755e-01,7.984950207173824310e-03,3.180193662643432617e+00
1.208333333333333393e+01,-2.391315996646881104e-01,7.949993014335632324e-03,3.180194377899169922e+00
1.210416666666666607e+01,-2.386834025382995605e-01,7.920444011688232422e-03,3.180195569992065430e+00
1.212500000000000000e+01,-2.382677942514419556e-01,7.928950712084770203e-03,3.180193662643432617e+00
1.214583333333333393e+01,-2.378669232130050659e-01,7.962108589708805084e-03,3.180191040039062500e+00
1.216666666666666607e+01,-2.374932467937469482e-01,7.999716326594352722e-03,3.180187940597534180e+00
1.218750000000000000e+01,-2.371697127819061279e-01,8.055592887103557587e-03,3.180184364318847656e+00
1.220833333333333393e+01,-2.368760406970977783e-01,8.133562281727790833e-03,3.180180311203002930e+00
1.222916666666666607e+01,-2.365900129079818726e-01,8.198025636374950409e-03,3.180176734924316406e+00
1.225000000000000000e+01,-2.363373190164566040e-01,8.218306116759777069e-03,3.180175065994262695e+00
1.227083333333333393e+01,-2.361498326063156128e-01,8.214787580072879791e-03,3.180173635482788086e+00
1.229166666666666607e+01,-2.360158562660217285e-01,8.216974325478076935e-03,3.180171251296997070e+00
1.231250000000000000e+01,-2.359143346548080444e-01,8.207771927118301392e-03,3.180167198181152344e+00
1.233333333333333393e+01,-2.358523458242416382e-01,8.162886835634708405e-03,3.180163860321044922e+00
1.235416666666666607e+01,-2.358292192220687866e-01,8.106395602226257324e-03,3.180160522460937500e+00
1.237500000000000000e+01,-2.358095049858093262e-01,8.070297539234161377e-03,3.180157661437988281e+00
1.239583333333333393e+01,-2.357680648565292358e-01,8.038509637117385864e-03,3.180155515670776367e+00
1.241666666666666607e+01,-2.357285916805267334e-01,7.987602613866329193e-03,3.180154085159301758e+00
1.243750000000000000e+01,-2.357202023267745972e-01,7.943628355860710144e-03,3.180153131484985352e+00
1.245833333333333393e+01,-2.357293218374252319e-01,7.941587828099727631e-03,3.180150747299194336e+00
1.247916666666666607e+01,-2.357375025749206543e-01,7.969314232468605042e-03,3.180146694183349609e+00
1.250000000000000000e+01,-2.357539534568786621e-01,8.005682379007339478e-03,3.180141210556030273e+00
1.252083333333333393e+01,-2.357734292745590210e-01,8.063823916018009186e-03,3.180134296417236328e+00
1.254166666666666607e+01,-2.357691675424575806e-01,8.147299289703369141e-03,3.180125713348388672e+00
1.256250000000000000e+01,-2.357401400804519653e-01,8.217306807637214661e-03,3.180119276046752930e+00
1.258333333333333393e+01,-2.356953620910644531e-01,8.237065747380256653e-03,3.180116176605224609e+00
1.260416666666666607e+01,-2.356030046939849854e-01,8.218021132051944733e-03,3.180115222930908203e+00
1.262500000000000000e+01,-2.354309856891632080e-01,8.176834322512149811e-03,3.180114984512329102e+00
1.264583333333333393e+01,-2.352020442485809326e-01,8.079569786787033081e-03,3.180114984512329102e+00
1.266666666666666607e+01,-2.349533289670944214e-01,7.882294245064258575e-03,3.180114030838012695e+00
1.268750000000000000e+01,-2.346819490194320679e-01,7.588580716401338577e-03,3.180109500885009766e+00
1.270833333333333393e+01,-2.343802005052566528e-01,7.222466170787811279e-03,3.180099725723266602e+00
1.272916666666666607e+01,-2.340658754110336304e-01,6.776913069188594818e-03,3.180089235305786133e+00
1.275000000000000000e+01,-2.337414473295211792e-01,6.238908041268587112e-03,3.180078744888305664e+00
1.277083333333333393e+01,-2.333901524543762207e-01,5.643711425364017487e-03,3.180069923400878906e+00
1.279166666666666607e+01,-2.330225557088851929e-01,5.033855326473712921e-03,3.180065393447875977e+00
1.281250000000000000e+01,-2.326606810092926025e-01,4.404154140502214432e-03,3.180064201354980469e+00
1.283333333333333393e+01,-2.322856634855270386e-01,3.743045730516314507e-03,3.180065155029296875e+00
1.285416666666666607e+01,-2.318778038024902344e-01,3.088095691055059433e-03,3.180067777633666992e+00
1.287500000000000000e+01,-2.314720153808593750e-01,2.485948149114847183e-03,3.180071115493774414e+00
1.289583333333333393e+01,-2.311178445816040039e-01,1.935442909598350525e-03,3.180074214935302734e+00
1.291666666666666607e+01,-2.308210283517837524e-01,1.427295967005193233e-03,3.180072546005249023e+00
1.293750000000000000e+01,-2.305493801832199097e-01,9.877423290163278580e-04,3.180069446563720703e+00
1.295833333333333393e+01,-2.302823662757873535e-01,6.341889966279268265e-04,3.180065870285034180e+00
1.297916666666666607e+01,-2.300417572259902954e-01,3.332950291223824024e-04,3.180062770843505859e+00
1.300000000000000000e+01,-2.298444807529449463e-01,4.324099063524045050e-05,3.180060148239135742e+00
1.302083333333333393e+01,-2.296641170978546143e-01,-2.317791950190439820e-04,3.180058002471923828e+00
1.304166666666666607e+01,-2.294741868972778320e-01,-4.813732521142810583e-04,3.180054664611816406e+00
1.306250000000000000e+01,-2.293027490377426147e-01,-7.242487627081573009e-04,3.180050611495971680e+00
1.308333333333333393e+01,-2.291906625032424927e-01,-9.648385457694530487e-04,3.180043458938598633e+00
1.310416666666666607e+01,-2.291345745325088501e-01,-1.180877326987683773e-03,3.180032491683959961e+00
1.312500000000000000e+01,-2.291010022163391113e-01,-1.368188881315290928e-03,3.180022001266479492e+00
1.314583333333333393e+01,-2.290747016668319702e-01,-1.537667820230126381e-03,3.180012702941894531e+00
1.316666666666666607e+01,-2.290606349706649780e-01,-1.668020267970860004e-03,3.180005311965942383e+00
1.318750000000000000e+01,-2.290355414152145386e-01,-1.735310070216655731e-03,3.179999351501464844e+00
1.320833333333333393e+01,-2.289747893810272217e-01,-1.766596571542322636e-03,3.179994821548461914e+00
1.322916666666666607e+01,-2.289034128189086914e-01,-1.797680859453976154e-03,3.179991722106933594e+00
1.325000000000000000e+01,-2.288532853126525879e-01,-1.818652963265776634e-03,3.179989099502563477e+00
1.327083333333333393e+01,-2.288112640380859375e-01,-1.814659684896469116e-03,3.179985523223876953e+00
1.329166666666666607e+01,-2.287588566541671753e-01,-1.816862146370112896e-03,3.179980039596557617e+00
1.331250000000000000e+01,-2.287078499794006348e-01,-1.858643488958477974e-03,3.179974079132080078e+00
1.333333333333333393e+01,-2.286546528339385986e-01,-1.924578100442886353e-03,3.179968118667602539e+00
1.335416666666666607e+01,-2.285730689764022827e-01,-1.992250094190239906e-03,3.179963827133178711e+00
1.337500000000000000e+01,-2.284606844186782837e-01,-2.088230568915605545e-03,3.179962396621704102e+00
1.339583333333333393e+01,-2.283242344856262207e-01,-2.246019430458545685e-03,3.179960489273071289e+00
1.341666666666666607e+01,-2.281335443258285522e-01,-2.448504325002431870e-03,3.179958581924438477e+00
1.343750000000000000e+01,-2.278649657964706421e-01,-2.669142093509435654e-03,3.179957628250122070e+00
1.345833333333333393e+01,-2.275487631559371948e-01,-2.927836263552308083e-03,3.179956912994384766e+00
1.347916666666666607e+01,-2.272268086671829224e-01,-3.250103676691651344e-03,3.179955959320068359e+00
1.350000000000000000e+01,-2.268964052200317383e-01,-3.611232852563261986e-03,3.179954051971435547e+00
1.352083333333333393e+01,-2.265464514493942261e-01,-3.977796528488397598e-03,3.179951906204223633e+00
1.354166666666666607e+01,-2.261968851089477539e-01,-4.363079089671373367e-03,3.179944276809692383e+00
1.356250000000000000e+01,-2.258603721857070923e-01,-4.786590579897165298e-03,3.179935455322265625e+00
1.358333333333333393e+01,-2.255046665668487549e-01,-5.218048114329576492e-03,3.179929494857788086e+00
1.360416666666666607e+01,-2.250955402851104736e-01,-5.619090050458908081e-03,3.179926872253417969e+00
1.362500000000000000e+01,-2.246508598327636719e-01,-5.999091546982526779e-03,3.179927349090576172e+00
1.364583333333333393e+01,-2.241999953985214233e-01,-6.374300457537174225e-03,3.179929018020629883e+00
1.366666666666666607e+01,-2.237274199724197388e-01,-6.710814312100410461e-03,3.179929733276367188e+00
1.368750000000000000e+01,-2.232143878936767578e-01,-6.965903099626302719e-03,3.179931402206420898e+00
1.370833333333333393e+01,-2.226944863796234131e-01,-7.143483497202396393e-03,3.179935932159423828e+00
1.372916666666666607e+01,-2.222120612859725952e-01,-7.255695294588804245e-03,3.179939985275268555e+00
1.375000000000000000e+01,-2.217648625373840332e-01,-7.278211880475282669e-03,3.179942131042480469e+00
1.377083333333333393e+01,-2.213412672281265259e-01,-7.193548139184713364e-03,3.179942131042480469e+00
1.379166666666666607e+01,-2.209580242633819580e-01,-7.032046094536781311e-03,3.179941892623901367e+00
1.381250000000000000e+01,-2.206197679042816162e-01,-6.830209400504827499e-03,3.179941415786743164e+00
1.383333333333333393e+01,-2.203015685081481934e-01,-6.573796272277832031e-03,3.179941654205322266e+00
1.385416666666666607e+01,-2.199951410293579102e-01,-6.238681264221668243e-03,3.179940938949584961e+00
1.387500000000000000e+01,-2.197122424840927124e-01,-5.845260806381702423e-03,3.179939270019531250e+00
1.389583333333333393e+01,-2.194373160600662231e-01,-5.418088752776384354e-03,3.179937362670898438e+00
1.391666666666666607e+01,-2.191523164510726929e-01,-4.934762138873338699e-03,3.179935216903686523e+00
1.393750000000000000e+01,-2.188874185085296631e-01,-4.369338508695363998e-03,3.179932117462158203e+00
1.395833333333333393e+01,-2.186793535947799683e-01,-3.740865970030426979e-03,3.179924726486206055e+00
1.397916666666666607e+01,-2.185205519199371338e-01,-3.072726540267467499e-03,3.179913282394409180e+00
1.400000000000000000e+01,-2.183926403522491455e-01,-2.360700396820902824e-03,3.179901599884033203e+00
1.402083333333333393e+01,-2.183061242103576660e-01,-1.619159011170268059e-03,3.179890632629394531e+00
1.404166666666666607e+01,-2.182622849941253662e-01,-8.746426901780068874e-04,3.179878950119018555e+00
1.406250000000000000e+01,-2.182244062423706055e-01,-1.210025729960761964e-04,3.179868936538696289e+00
1.408333333333333393e+01,-2.181630283594131470e-01,6.515550194308161736e-04,3.179862499237060547e+00
1.410416666666666607e+01,-2.181001156568527222e-01,1.407669740729033947e-03,3.179859399795532227e+00
1.412500000000000000e+01,-2.180663347244262695e-01,2.108740387484431267e-03,3.179857969284057617e+00
1.414583333333333393e+01,-2.180451005697250366e-01,2.769984537735581398e-03,3.179857015609741211e+00
1.416666666666666607e+01,-2.180138379335403442e-01,3.420193213969469070e-03,3.179854869842529297e+00
1.418750000000000000e+01,-2.179927527904510498e-01,4.044429864734411240e-03,3.179851293563842773e+00
1.420833333333333393e+01,-2.180020958185195923e-01,4.623454064130783081e-03,3.179844141006469727e+00
1.422916666666666607e+01,-2.180150002241134644e-01,5.170419346541166306e-03,3.179834842681884766e+00
1.425000000000000000e+01,-2.180019617080688477e-01,5.686167627573013306e-03,3.179824113845825195e+00
1.427083333333333393e+01,-2.179858982563018799e-01,6.140742916613817215e-03,3.179814100265502930e+00
1.429166666666666607e+01,-2.179996967315673828e-01,6.519635207951068878e-03,3.179801225662231445e+00
1.431250000000000000e+01,-2.180309444665908813e-01,6.842248607426881790e-03,3.179785728454589844e+00
1.433333333333333393e+01,-2.180590629577636719e-01,7.114126812666654587e-03,3.179766654968261719e+00
1.435416666666666607e+01,-2.180940806865692139e-01,7.310999091714620590e-03,3.179746627807617188e+00
1.437500000000000000e+01,-2.181384414434432983e-01,7.426315918564796448e-03,3.179724931716918945e+00
1.439583333333333393e+01,-2.181575000286102295e-01,7.481331471353769302e-03,3.179703712463378906e+00
1.441666666666666607e+01,-2.181262075901031494e-01,7.477825973182916641e-03,3.179684638977050781e+00
1.443750000000000000e+01,-2.180757373571395874e-01,7.410348393023014069e-03,3.179666757583618164e+00
1.445833333333333393e+01,-2.180504500865936279e-01,7.301530335098505020e-03,3.179647922515869141e+00
1.447916666666666607e+01,-2.180504649877548218e-01,7.164548616856336594e-03,3.179625749588012695e+00
1.450000000000000000e+01,-2.180435955524444580e-01,6.977586075663566589e-03,3.179605484008789062e+00
1.452083333333333393e+01,-2.180134505033493042e-01,6.728780921548604965e-03,3.179587125778198242e+00
1.454166666666666607e+01,-2.179737389087677002e-01,6.456239614635705948e-03,3.179570674896240234e+00
1.456250000000000000e+01,-2.179213762283325195e-01,6.202763412147760391e-03,3.179554939270019531e+00
1.458333333333333393e+01,-2.178353220224380493e-01,5.965396761894226074e-03,3.179540157318115234e+00
1.460416666666666607e+01,-2.177250236272811890e-01,5.736322142183780670e-03,3.179526805877685547e+00
1.462500000000000000e+01,-2.176124900579452515e-01,5.534644704312086105e-03,3.179513216018676758e+00
1.464583333333333393e+01,-2.174807488918304443e-01,5.360807757824659348e-03,3.179497957229614258e+00
1.466666666666666607e+01,-2.173148244619369507e-01,5.198698025196790695e-03,3.179477691650390625e+00
1.468750000000000000e+01,-2.171395123004913330e-01,5.062773823738098145e-03,3.179459333419799805e+00
1.470833333333333393e+01,-2.169732153415679932e-01,4.976896569132804871e-03,3.179444551467895508e+00
1.472916666666666607e+01,-2.167941033840179443e-01,4.921570420265197754e-03,3.179431200027465820e+00
1.475000000000000000e+01,-2.165843397378921509e-01,4.876126535236835480e-03,3.179418563842773438e+00
1.477083333333333393e+01,-2.163732349872589111e-01,4.867160692811012268e-03,3.179408550262451172e+00
1.479166666666666607e+01,-2.161937952041625977e-01,4.921214189380407333e-03,3.179401874542236328e+00
1.481250000000000000e+01,-2.160361260175704956e-01,5.019238218665122986e-03,3.179393291473388672e+00
1.483333333333333393e+01,-2.158853858709335327e-01,5.139251239597797394e-03,3.179380416870117188e+00
1.485416666666666607e+01,-2.157518267631530762e-01,5.295250564813613892e-03,3.179368972778320312e+00
1.487500000000000000e+01,-2.156286984682083130e-01,5.489758215844631195e-03,3.179354667663574219e+00
1.489583333333333393e+01,-2.154975384473800659e-01,5.682998802512884140e-03,3.179342508316040039e+00
1.491666666666666607e+01,-2.153713107109069824e-01,5.840090569108724594e-03,3.179336071014404297e+00
1.493750000000000000e+01,-2.152734994888305664e-01,5.977989174425601959e-03,3.179332494735717773e+00
1.495833333333333393e+01,-2.151896059513092041e-01,6.126522552222013474e-03,3.179330110549926758e+00
1.497916666666666607e+01,-2.151049822568893433e-01,6.267591845244169235e-03,3.179325580596923828e+00
1.500000000000000000e+01,-2.150321155786514282e-01,6.377483718097209930e-03,3.179322957992553711e+00
1.502083333333333393e+01,-2.149627506732940674e-01,6.482466589659452438e-03,3.179321527481079102e+00
1.504166666666666607e+01,-2.148794531822204590e-01,6.612564902752637863e-03,3.179313182830810547e+00
1.506250000000000000e+01,-2.147933691740036011e-01,6.751156877726316452e-03,3.179302453994750977e+00
1.508333333333333393e+01,-2.147112786769866943e-01,6.873857229948043823e-03,3.179295301437377930e+00
1.510416666666666607e+01,-2.146002650260925293e-01,7.000029552727937698e-03,3.179290294647216797e+00
1.512500000000000000e+01,-2.144341319799423218e-01,7.151686120778322220e-03,3.179285764694213867e+00
1.514583333333333393e+01,-2.142464667558670044e-01,7.299609947949647903e-03,3.179283857345581055e+00
1.516666666666666607e+01,-2.140879184007644653e-01,7.405718322843313217e-03,3.179283857345581055e+00
1.518750000000000000e+01,-2.139660567045211792e-01,7.480855565518140793e-03,3.179281949996948242e+00
1.520833333333333393e+01,-2.138441205024719238e-01,7.545867934823036194e-03,3.179277420043945312e+00
1.522916666666666607e+01,-2.136908024549484253e-01,7.577048148959875107e-03,3.179272651672363281e+00
1.525000000000000000e+01,-2.135329842567443848e-01,7.545525673776865005e-03,3.179267644882202148e+00
1.527083333333333393e+01,-2.134149521589279175e-01,7.474951446056365967e-03,3.179260730743408203e+00
1.529166666666666607e+01,-2.133401483297348022e-01,7.399222813546657562e-03,3.179252147674560547e+00
1.531250000000000000e+01,-2.132722139358520508e-01,7.307346910238265991e-03,3.179242610931396484e+00
1.533333333333333393e+01,-2.131854444742202759e-01,7.186475209891796112e-03,3.179228544235229492e+00
1.535416666666666607e+01,-2.131046950817108154e-01,7.061068434268236160e-03,3.179211854934692383e+00
1.537500000000000000e+01,-2.130589485168457031e-01,6.948397960513830185e-03,3.179193973541259766e+00
1.539583333333333393e+01,-2.130381762981414795e-01,6.822612602263689041e-03,3.179172754287719727e+00
1.541666666666666607e+01,-2.130210697650909424e-01,6.654998287558555603e-03,3.179144620895385742e+00
1.543750000000000000e+01,-2.130140662193298340e-01,6.470882799476385117e-03,3.179115772247314453e+00
1.545833333333333393e+01,-2.130240350961685181e-01,6.309475284069776535e-03,3.179089784622192383e+00
1.547916666666666607e+01,-2.130187302827835083e-01,6.166714243590831757e-03,3.179065465927124023e+00
1.550000000000000000e+01,-2.129704952239990234e-01,6.030492484569549561e-03,3.179039001464843750e+00
1.552083333333333393e+01,-2.129082530736923218e-01,5.915899761021137238e-03,3.179008722305297852e+00
1.554166666666666607e+01,-2.128744274377822876e-01,5.825811997056007385e-03,3.178969144821166992e+00
1.556250000000000000e+01,-2.128716707229614258e-01,5.735820159316062927e-03,3.178923368453979492e+00
1.558333333333333393e+01,-2.128614932298660278e-01,5.638403352349996567e-03,3.178875684738159180e+00
1.560416666666666607e+01,-2.128119021654129028e-01,5.543055012822151184e-03,3.178829431533813477e+00
1.562500000000000000e+01,-2.127512097358703613e-01,5.430615041404962540e-03,3.178784608840942383e+00
1.564583333333333393e+01,-2.127292007207870483e-01,5.283483304083347321e-03,3.178739786148071289e+00
1.566666666666666607e+01,-2.127560377120971680e-01,5.136813502758741379e-03,3.178694486618041992e+00
1.568750000000000000e+01,-2.127982228994369507e-01,5.031064152717590332e-03,3.178649425506591797e+00
1.570833333333333393e+01,-2.128233164548873901e-01,4.958084784448146820e-03,3.178606510162353516e+00
1.572916666666666607e+01,-2.128514647483825684e-01,4.900836385786533356e-03,3.178563594818115234e+00
1.575000000000000000e+01,-2.129114270210266113e-01,4.871740471571683884e-03,3.178520917892456055e+00
1.577083333333333393e+01,-2.129910439252853394e-01,4.869140684604644775e-03,3.178475379943847656e+00
1.579166666666666607e+01,-2.130602598190307617e-01,4.870126955211162567e-03,3.178430557250976562e+00
1.581250000000000000e+01,-2.131229192018508911e-01,4.875974263995885849e-03,3.178388595581054688e+00
1.583333333333333393e+01,-2.131972163915634155e-01,4.893382079899311066e-03,3.178346157073974609e+00
1.585416666666666607e+01,-2.132615894079208374e-01,4.886792041361331940e-03,3.178305149078369141e+00
1.587500000000000000e+01,-2.132953256368637085e-01,4.821741487830877304e-03,3.178265094757080078e+00
1.589583333333333393e+01,-2.133074104785919189e-01,4.717696923762559891e-03,3.178227186203002930e+00
1.591666666666666607e+01,-2.132900655269622803e-01,4.608063492923974991e-03,3.178190231323242188e+00
1.593750000000000000e+01,-2.132217288017272949e-01,4.482199903577566147e-03,3.178154468536376953e+00
1.595833333333333393e+01,-2.131141126155853271e-01,4.325351677834987640e-03,3.178120374679565430e+00
1.597916666666666607e+01,-2.129915058612823486e-01,4.170409869402647018e-03,3.178087711334228516e+00
1.600000000000000000e+01,-2.128396034240722656e-01,4.055423196405172348e-03,3.178056955337524414e+00
1.602083333333333215e+01,-2.126447409391403198e-01,3.973090555518865585e-03,3.178025960922241211e+00
1.604166666666666785e+01,-2.124207466840744019e-01,3.910875879228115082e-03,3.177994489669799805e+00
1.606250000000000000e+01,-2.121634632349014282e-01,3.882595570757985115e-03,3.177963495254516602e+00
1.608333333333333215e+01,-2.118606865406036377e-01,3.886112710461020470e-03,3.177931308746337891e+00
1.610416666666666785e+01,-2.115285992622375488e-01,3.900374751538038254e-03,3.177902460098266602e+00
1.612500000000000000e+01,-2.111828327178955078e-01,3.934775944799184799e-03,3.177879095077514648e+00
1.614583333333333215e+01,-2.108011096715927124e-01,4.011350683867931366e-03,3.177860021591186523e+00
1.616666666666666785e+01,-2.103674262762069702e-01,4.111623857170343399e-03,3.177843570709228516e+00
1.618750000000000000e+01,-2.099178135395050049e-01,4.216775763779878616e-03,3.177828550338745117e+00
1.620833333333333215e+01,-2.094971537590026855e-01,4.345213528722524643e-03,3.177815914154052734e+00
1.622916666666666785e+01,-2.091111242771148682e-01,4.505733028054237366e-03,3.177803516387939453e+00
1.625000000000000000e+01,-2.087321132421493530e-01,4.661530721932649612e-03,3.177793264389038086e+00
1.627083333333333215e+01,-2.083475738763809204e-01,4.773978609591722488e-03,3.177785396575927734e+00
1.629166666666666785e+01,-2.079751342535018921e-01,4.860853776335716248e-03,3.177780151367187500e+00
1.631250000000000000e+01,-2.076128572225570679e-01,4.955072421580553055e-03,3.177775144577026367e+00
1.633333333333333215e+01,-2.072451859712600708e-01,5.047672428190708160e-03,3.177770137786865234e+00
1.635416666666666785e+01,-2.068872600793838501e-01,5.126801319420337677e-03,3.177765846252441406e+00
1.637500000000000000e+01,-2.065670043230056763e-01,5.208781454712152481e-03,3.177763700485229492e+00
1.639583333333333215e+01,-2.062764316797256470e-01,5.291434470564126968e-03,3.177761554718017578e+00
1.641666666666666785e+01,-2.060019373893737793e-01,5.354831926524639130e-03,3.177759408950805664e+00
1.643750000000000000e+01,-2.057536840438842773e-01,5.408355034887790680e-03,3.177760601043701172e+00
1.645833333333333215e+01,-2.055317312479019165e-01,5.471939686685800552e-03,3.177763700485229492e+00
1.647916666666666785e+01,-2.053128331899642944e-01,5.523250903934240341e-03,3.177769184112548828e+00
1.650000000000000000e+01,-2.050945311784744263e-01,5.539815872907638550e-03,3.177776575088500977e+00
1.652083333333333215e+01,-2.048907727003097534e-01,5.551424808800220490e-03,3.177785634994506836e+00
1.654166666666666785e+01,-2.046811431646347046e-01,5.596063565462827682e-03,3.177796363830566406e+00
1.656250000000000000e+01,-2.044517844915390015e-01,5.666445475071668625e-03,3.177805185317993164e+00
1.658333333333333215e+01,-2.042271196842193604e-01,5.741352681070566177e-03,3.177813291549682617e+00
1.660416666666666785e+01,-2.040212452411651611e-01,5.832110997289419174e-03,3.177823781967163086e+00
1.662500000000000000e+01,-2.038102895021438599e-01,5.950553342700004578e-03,3.177836656570434570e+00
1.664583333333333215e+01,-2.035768330097198486e-01,6.063013337552547455e-03,3.177850723266601562e+00
1.666666666666666785e+01,-2.033505439758300781e-01,6.131750531494617462e-03,3.177865982055664062e+00
1.668750000000000000e+01,-2.031643241643905640e-01,6.171860266476869583e-03,3.177881956100463867e+00
1.670833333333333215e+01,-2.030129879713058472e-01,6.210257299244403839e-03,3.177895545959472656e+00
1.672916666666666785e+01,-2.028775960206985474e-01,6.230879109352827072e-03,3.177907705307006836e+00
1.675000000000000000e+01,-2.027662396430969238e-01,6.214676890522241592e-03,3.177919626235961914e+00
1.677083333333333215e+01,-2.026918679475784302e-01,6.187367718666791916e-03,3.177932024002075195e+00
1.679166666666666785e+01,-2.026305347681045532e-01,6.176034454256296158e-03,3.177944660186767578e+00
1.681250000000000000e+01,-2.025632113218307495e-01,6.162228994071483612e-03,3.177955627441406250e+00
1.683333333333333215e+01,-2.025095671415328979e-01,6.122941151261329651e-03,3.177965641021728516e+00
1.685416666666666785e+01,-2.024808973073959351e-01,6.085673347115516663e-03,3.177975893020629883e+00
1.687500000000000000e+01,-2.024500966072082520e-01,6.087908986955881119e-03,3.177985191345214844e+00
1.689583333333333215e+01,-2.023957371711730957e-01,6.122149992734193802e-03,3.177991390228271484e+00
1.691666666666666785e+01,-2.023430019617080688e-01,6.166317965835332870e-03,3.177995443344116211e+00
1.693750000000000000e+01,-2.023185342550277710e-01,6.230271421372890472e-03,3.177999973297119141e+00
1.695833333333333215e+01,-2.023106366395950317e-01,6.324595771729946136e-03,3.178000688552856445e+00
1.697916666666666785e+01,-2.023024857044219971e-01,6.415408104658126831e-03,3.177998781204223633e+00
1.700000000000000000e+01,-2.023017108440399170e-01,6.465008482336997986e-03,3.177999258041381836e+00
1.702083333333333215e+01,-2.023056596517562866e-01,6.487786769866943359e-03,3.178000211715698242e+00
1.704166666666666785e+01,-2.022906541824340820e-01,6.509058643132448196e-03,3.178002357482910156e+00
1.706250000000000000e+01,-2.022576630115509033e-01,6.508630700409412384e-03,3.178006410598754883e+00
1.708333333333333215e+01,-2.022250592708587646e-01,6.460360251367092133e-03,3.178010940551757812e+00
1.710416666666666785e+01,-2.021773606538772583e-01,6.388550624251365662e-03,3.178015947341918945e+00
1.712500000000000000e+01,-2.021037936210632324e-01,6.326409988105297089e-03,3.178019523620605469e+00
1.714583333333333215e+01,-2.020190209150314331e-01,6.261582020670175552e-03,3.178021907806396484e+00
1.716666666666666785e+01,-2.019153088331222534e-01,6.177454721182584763e-03,3.178021430969238281e+00
1.718750000000000000e+01,-2.017822265625000000e-01,6.097232922911643982e-03,3.178018093109130859e+00
1.720833333333333215e+01,-2.016334533691406250e-01,6.041515618562698364e-03,3.178014993667602539e+00
1.722916666666666785e+01,-2.014711648225784302e-01,5.986655130982398987e-03,3.178011655807495117e+00
1.725000000000000000e+01,-2.012774944305419922e-01,5.907903425395488739e-03,3.178009510040283203e+00
1.727083333333333215e+01,-2.010610550642013550e-01,5.835131742060184479e-03,3.178009748458862305e+00
1.729166666666666785e+01,-2.008477151393890381e-01,5.813707131892442703e-03,3.178009986877441406e+00
1.731250000000000000e+01,-2.006289958953857422e-01,5.845746025443077087e-03,3.178007841110229492e+00
1.733333333333333215e+01,-2.003978192806243896e-01,5.897164344787597656e-03,3.178004503250122070e+00
1.735416666666666785e+01,-2.001687139272689819e-01,5.945763550698757172e-03,3.178001165390014648e+00
1.737500000000000000e+01,-1.999326348304748535e-01,6.009863223880529404e-03,3.177999734878540039e+00
1.739583333333333215e+01,-1.996836364269256592e-01,6.100781727582216263e-03,3.177999258041381836e+00
1.741666666666666785e+01,-1.994354724884033203e-01,6.180122960358858109e-03,3.178001403808593750e+00
1.743750000000000000e+01,-1.991737037897109985e-01,6.203373428434133530e-03,3.178006172180175781e+00
1.745833333333333215e+01,-1.988879144191741943e-01,6.176234688609838486e-03,3.178010940551757812e+00
1.747916666666666785e+01,-1.986037194728851318e-01,6.115017458796501160e-03,3.178016424179077148e+00
1.750000000000000000e+01,-1.983335912227630615e-01,5.989721044898033142e-03,3.178023576736450195e+00
1.752083333333333215e+01,-1.980486661195755005e-01,5.761459935456514359e-03,3.178031444549560547e+00
1.754166666666666785e+01,-1.977249830961227417e-01,5.441282875835895538e-03,3.178040266036987305e+00
1.756250000000000000e+01,-1.973979473114013672e-01,5.049707833677530289e-03,3.178048849105834961e+00
1.758333333333333215e+01,-1.971216350793838501e-01,4.575062543153762817e-03,3.178056716918945312e+00
1.760416666666666785e+01,-1.969089359045028687e-01,4.018616862595081329e-03,3.178063631057739258e+00
1.762500000000000000e+01,-1.967273354530334473e-01,3.425529925152659416e-03,3.178072214126586914e+00
1.764583333333333215e+01,-1.965464949607849121e-01,2.839914057403802872e-03,3.178085088729858398e+00
1.766666666666666785e+01,-1.963958144187927246e-01,2.259097294881939888e-03,3.178101301193237305e+00
1.768750000000000000e+01,-1.963219791650772095e-01,1.676382147707045078e-03,3.178116321563720703e+00
1.770833333333333215e+01,-1.963289976119995117e-01,1.131707802414894104e-03,3.178129911422729492e+00
1.772916666666666785e+01,-1.963739991188049316e-01,6.724359700456261635e-04,3.178143501281738281e+00
1.775000000000000000e+01,-1.964166611433029175e-01,3.013656241819262505e-04,3.178156137466430664e+00
1.777083333333333215e+01,-1.964738816022872925e-01,6.170877782096795272e-07,3.178168773651123047e+00
1.779166666666666785e+01,-1.965779364109039307e-01,-2.172015229007229209e-04,3.178180456161499023e+00
1.781250000000000000e+01,-1.967194378376007080e-01,-3.291890898253768682e-04,3.178187370300292969e+00
1.783333333333333215e+01,-1.968712806701660156e-01,-3.556674637366086245e-04,3.178192615509033203e+00
1.785416666666666785e+01,-1.970396339893341064e-01,-3.203374217264354229e-04,3.178197145462036133e+00
1.787500000000000000e+01,-1.972457617521286011e-01,-2.051955234492197633e-04,3.178199291229248047e+00
1.789583333333333215e+01,-1.974723190069198608e-01,5.592698471446055919e-06,3.178198575973510742e+00
1.791666666666666785e+01,-1.976971626281738281e-01,2.830876328516751528e-04,3.178194999694824219e+00
1.793750000000000000e+01,-1.979254484176635742e-01,5.956820095889270306e-04,3.178191423416137695e+00
1.795833333333333215e+01,-1.981517076492309570e-01,9.616147726774215698e-04,3.178186416625976562e+00
1.797916666666666785e+01,-1.983434706926345825e-01,1.407599658705294132e-03,3.178180456161499023e+00
1.800000000000000000e+01,-1.984873414039611816e-01,1.916010864078998566e-03,3.178171873092651367e+00
1.802083333333333215e+01,-1.985930204391479492e-01,2.454165834933519363e-03,3.178163051605224609e+00
1.804166666666666785e+01,-1.986457854509353638e-01,3.023514756932854652e-03,3.178156137466430664e+00
1.806250000000000000e+01,-1.986348032951354980e-01,3.629706567153334618e-03,3.178148269653320312e+00
1.808333333333333215e+01,-1.985780298709869385e-01,4.230619873851537704e-03,3.178141355514526367e+00
1.810416666666666785e+01,-1.984748095273971558e-01,4.778851754963397980e-03,3.178134918212890625e+00
1.812500000000000000e+01,-1.983117312192916870e-01,5.278396420180797577e-03,3.178124666213989258e+00
1.814583333333333215e+01,-1.981072723865509033e-01,5.743148736655712128e-03,3.178114652633666992e+00
1.816666666666666785e+01,-1.978910267353057861e-01,6.139614153653383255e-03,3.178108453750610352e+00
1.818750000000000000e+01,-1.976546645164489746e-01,6.428502965718507767e-03,3.178103923797607422e+00
1.820833333333333215e+01,-1.973926723003387451e-01,6.620720028877258301e-03,3.178099155426025391e+00
1.822916666666666785e+01,-1.971224248409271240e-01,6.737947929650545120e-03,3.178094863891601562e+00
1.825000000000000000e+01,-1.968373209238052368e-01,6.757188122719526291e-03,3.178084611892700195e+00
1.827083333333333215e+01,-1.965307742357254028e-01,6.651476956903934479e-03,3.178070068359375000e+00
1.829166666666666785e+01,-1.962205022573471069e-01,6.448369007557630539e-03,3.178058385848999023e+00
1.831250000000000000e+01,-1.959049999713897705e-01,6.189559120684862137e-03,3.178049325942993164e+00
1.833333333333333215e+01,-1.955710798501968384e-01,5.874664522707462311e-03,3.178042173385620117e+00
1.835416666666666785e+01,-1.952368021011352539e-01,5.500645376741886139e-03,3.178035497665405273e+00
1.837500000000000000e+01,-1.949288100004196167e-01,5.102032795548439026e-03,3.178026199340820312e+00
1.839583333333333215e+01,-1.946357637643814087e-01,4.705379717051982880e-03,3.178018808364868164e+00
1.841666666666666785e+01,-1.943477690219879150e-01,4.292995203286409378e-03,3.178014278411865234e+00
1.843750000000000000e+01,-1.940818428993225098e-01,3.845064202323555946e-03,3.178012371063232422e+00
1.845833333333333215e+01,-1.938351243734359741e-01,3.395674517378211021e-03,3.178011655807495117e+00
1.847916666666666785e+01,-1.935927420854568481e-01,2.991519402712583542e-03,3.178011178970336914e+00
1.850000000000000000e+01,-1.933678239583969116e-01,2.633708529174327850e-03,3.178010463714599609e+00
1.852083333333333215e+01,-1.931739449501037598e-01,2.308577531948685646e-03,3.178010225296020508e+00
1.854166666666666785e+01,-1.929846107959747314e-01,2.035964513197541237e-03,3.178012847900390625e+00
1.856250000000000000e+01,-1.927769482135772705e-01,1.837934833019971848e-03,3.178017377853393555e+00
1.858333333333333215e+01,-1.925850659608840942e-01,1.690221368335187435e-03,3.178023815155029297e+00
1.860416666666666785e+01,-1.924567967653274536e-01,1.564249163493514061e-03,3.178031444549560547e+00
1.862500000000000000e+01,-1.923975050449371338e-01,1.483285566791892052e-03,3.178038597106933594e+00
1.864583333333333215e+01,-1.923668235540390015e-01,1.483750878833234310e-03,3.178045511245727539e+00
1.866666666666666785e+01,-1.923277378082275391e-01,1.559009891934692860e-03,3.178051710128784180e+00
1.868750000000000000e+01,-1.923013627529144287e-01,1.682936795987188816e-03,3.178059816360473633e+00
1.870833333333333215e+01,-1.923254281282424927e-01,1.861427328549325466e-03,3.178069114685058594e+00
1.872916666666666785e+01,-1.923956274986267090e-01,2.111225621774792671e-03,3.178075790405273438e+00
1.875000000000000000e+01,-1.924810856580734253e-01,2.405340550467371941e-03,3.178083658218383789e+00
1.877083333333333215e+01,-1.925737261772155762e-01,2.713720314204692841e-03,3.178094148635864258e+00
1.879166666666666785e+01,-1.926791965961456299e-01,3.055656095966696739e-03,3.178106069564819336e+00
1.881250000000000000e+01,-1.927643120288848877e-01,3.456992097198963165e-03,3.178117990493774414e+00
1.883333333333333215e+01,-1.927994787693023682e-01,3.900335403159260750e-03,3.178128480911254883e+00
1.885416666666666785e+01,-1.928134262561798096e-01,4.358305595815181732e-03,3.178137302398681641e+00
1.887500000000000000e+01,-1.928521841764450073e-01,4.833664745092391968e-03,3.178144216537475586e+00
1.889583333333333215e+01,-1.929198801517486572e-01,5.323386285454034805e-03,3.178148508071899414e+00
1.891666666666666785e+01,-1.929788887500762939e-01,5.780682899057865143e-03,3.178151369094848633e+00
1.893750000000000000e+01,-1.929984390735626221e-01,6.158452015370130539e-03,3.178154706954956055e+00
1.895833333333333215e+01,-1.930076777935028076e-01,6.462976802140474319e-03,3.178158044815063477e+00
1.897916666666666785e+01,-1.930530071258544922e-01,6.710925605148077011e-03,3.178159952163696289e+00
1.900000000000000000e+01,-1.931388080120086670e-01,6.873094476759433746e-03,3.178159236907958984e+00
1.902083333333333215e+01,-1.932233273983001709e-01,6.913353689014911652e-03,3.178158998489379883e+00
1.904166666666666785e+01,-1.932676583528518677e-01,6.844378542155027390e-03,3.178163290023803711e+00
1.906250000000000000e+01,-1.932918578386306763e-01,6.687584798783063889e-03,3.178174018859863281e+00
1.908333333333333215e+01,-1.933345496654510498e-01,6.420988123863935471e-03,3.178189277648925781e+00
1.910416666666666785e+01,-1.933932751417160034e-01,6.021898705512285233e-03,3.178208351135253906e+00
1.912500000000000000e+01,-1.934395581483840942e-01,5.518920719623565674e-03,3.178235530853271484e+00
1.914583333333333215e+01,-1.934689581394195557e-01,4.950779024511575699e-03,3.178272724151611328e+00
1.916666666666666785e+01,-1.934914737939834595e-01,4.308278672397136688e-03,3.178314447402954102e+00
1.918750000000000000e+01,-1.934783607721328735e-01,3.575020935386419296e-03,3.178354501724243164e+00
1.920833333333333215e+01,-1.934039592742919922e-01,2.783114090561866760e-03,3.178388118743896484e+00
1.922916666666666785e+01,-1.933012306690216064e-01,1.972454367205500603e-03,3.178408384323120117e+00
1.925000000000000000e+01,-1.932206898927688599e-01,1.134330406785011292e-03,3.178405523300170898e+00
1.927083333333333215e+01,-1.931704282760620117e-01,2.528017212171107531e-04,3.178370237350463867e+00
1.929166666666666785e+01,-1.931133419275283813e-01,-6.376922829076647758e-04,3.178301095962524414e+00
1.931250000000000000e+01,-1.930143833160400391e-01,-1.491872593760490417e-03,3.178200483322143555e+00
1.933333333333333215e+01,-1.928975582122802734e-01,-2.309394301846623421e-03,3.178074359893798828e+00
1.935416666666666785e+01,-1.928040981292724609e-01,-3.094326471909880638e-03,3.177931785583496094e+00
1.937500000000000000e+01,-1.927345991134643555e-01,-3.803852712735533714e-03,3.177785873413085938e+00
1.939583333333333215e+01,-1.926618963479995728e-01,-4.387998022139072418e-03,3.177663326263427734e+00
1.941666666666666785e+01,-1.925811469554901123e-01,-4.842654801905155182e-03,3.177593708038330078e+00
1.943750000000000000e+01,-1.924984902143478394e-01,-5.186507012695074081e-03,3.177609682083129883e+00
1.945833333333333215e+01,-1.923782080411911011e-01,-5.408957134932279587e-03,3.177739858627319336e+00
1.947916666666666785e+01,-1.921863406896591187e-01,-5.491991993039846420e-03,3.177999258041381836e+00
1.950000000000000000e+01,-1.919496208429336548e-01,-5.466829519718885422e-03,3.178389310836791992e+00
1.952083333333333215e+01,-1.917113512754440308e-01,-5.370089784264564514e-03,3.178890705108642578e+00
1.954166666666666785e+01,-1.914714723825454712e-01,-5.185463000088930130e-03,3.179456949234008789e+00
1.956250000000000000e+01,-1.912074834108352661e-01,-4.885036498308181763e-03,3.180027246475219727e+00
1.958333333333333215e+01,-1.909263879060745239e-01,-4.487377125769853592e-03,3.180522203445434570e+00
1.960416666666666785e+01,-1.906475722789764404e-01,-4.023782443255186081e-03,3.180840492248535156e+00
1.962500000000000000e+01,-1.903553754091262817e-01,-3.493916243314743042e-03,3.180863142013549805e+00
1.964583333333333215e+01,-1.900384277105331421e-01,-2.897787373512983322e-03,3.180461168289184570e+00
1.966666666666666785e+01,-1.897306889295578003e-01,-2.274542348459362984e-03,3.179511070251464844e+00
1.968750000000000000e+01,-1.894729584455490112e-01,-1.664331182837486267e-03,3.177899599075317383e+00
1.970833333333333215e+01,-1.892744153738021851e-01,-1.065040356479585171e-03,3.175522089004516602e+00
1.972916666666666785e+01,-1.891341507434844971e-01,-4.651827039197087288e-04,3.172303199768066406e+00
1.975000000000000000e+01,-1.890752911567687988e-01,1.145692658610641956e-04,3.168189048767089844e+00
1.977083333333333215e+01,-1.891258656978607178e-01,6.508628721348941326e-04,3.163141965866088867e+00
1.979166666666666785e+01,-1.892848908901214600e-01,1.155811478383839130e-03,3.157144069671630859e+00
1.981250000000000000e+01,-1.895488798618316650e-01,1.647648750804364681e-03,3.150192737579345703e+00
1.983333333333333215e+01,-1.899489015340805054e-01,2.111379522830247879e-03,3.142298698425292969e+00
1.985416666666666785e+01,-1.905218958854675293e-01,2.527063712477684021e-03,3.133481502532958984e+00
1.987500000000000000e+01,-1.912720352411270142e-01,2.908382564783096313e-03,3.123766422271728516e+00
1.989583333333333215e+01,-1.921962797641754150e-01,3.275126917287707329e-03,3.113182783126831055e+00
1.991666666666666785e+01,-1.933102011680603027e-01,3.612505737692117691e-03,3.101768493652343750e+00
1.993750000000000000e+01,-1.946157515048980713e-01,3.899144707247614861e-03,3.089558362960815430e+00
1.995833333333333215e+01,-1.960941255092620850e-01,4.147474654018878937e-03,3.076585054397583008e+00
1.997916666666666785e+01,-1.977406889200210571e-01,4.375008866190910339e-03,3.062879085540771484e+00
2.000000000000000000e+01,-1.995553225278854370e-01,4.560973960906267166e-03,3.048468351364135742e+00
2.002083333333333215e+01,-2.015012353658676147e-01,4.675528500229120255e-03,3.033381223678588867e+00
2.004166666666666785e+01,-2.035375088453292847e-01,4.721229430288076401e-03,3.017647504806518555e+00
2.006250000000000000e+01,-2.056606262922286987e-01,4.704561550170183182e-03,3.001291751861572266e+00
2.008333333333333215e+01,-2.078746259212493896e-01,4.608433227986097336e-03,2.984339714050292969e+00
2.010416666666666785e+01,-2.101461887359619141e-01,4.427589476108551025e-03,2.966818094253540039e+00
2.012500000000000000e+01,-2.124361544847488403e-01,4.189097322523593903e-03,2.948754549026489258e+00
2.014583333333333215e+01,-2.147354632616043091e-01,3.914671018719673157e-03,2.930178165435791016e+00
2.016666666666666785e+01,-2.170294523239135742e-01,3.581546712666749954e-03,2.911112546920776367e+00
2.018750000000000000e+01,-2.192640155553817749e-01,3.157016588374972343e-03,2.891587257385253906e+00
2.020833333333333215e+01,-2.213778197765350342e-01,2.649801084771752357e-03,2.871630191802978516e+00
2.022916666666666785e+01,-2.233491688966751099e-01,2.086284570395946503e-03,2.851269483566284180e+00
2.025000000000000000e+01,-2.251622378826141357e-01,1.467804075218737125e-03,2.830531597137451172e+00
2.027083333333333215e+01,-2.267608940601348877e-01,7.891958230175077915e-04,2.809441804885864258e+00
2.029166666666666785e+01,-2.280837595462799072e-01,8.226770296460017562e-05,2.788024663925170898e+00
2.031250000000000000e+01,-2.291133105754852295e-01,-6.177553441375494003e-04,2.766303539276123047e+00
2.033333333333333215e+01,-2.298423647880554199e-01,-1.321769668720662594e-03,2.744298219680786133e+00
2.035416666666666785e+01,-2.302225530147552490e-01,-2.049782546237111092e-03,2.722031831741333008e+00
2.037500000000000000e+01,-2.302011102437973022e-01,-2.782204188406467438e-03,2.699528694152832031e+00
2.039583333333333215e+01,-2.297725528478622437e-01,-3.494112519547343254e-03,2.676808357238769531e+00
2.041666666666666785e+01,-2.289430797100067139e-01,-4.190568346530199051e-03,2.653891563415527344e+00
2.043750000000000000e+01,-2.276805639266967773e-01,-4.865513183176517487e-03,2.630794763565063477e+00
2.045833333333333215e+01,-2.259493023157119751e-01,-5.500043742358684540e-03,2.607532978057861328e+00
2.047916666666666785e+01,-2.237397283315658569e-01,-6.105872336775064468e-03,2.584141016006469727e+00
2.050000000000000000e+01,-2.210309207439422607e-01,-6.697115488350391388e-03,2.560634851455688477e+00
2.052083333333333215e+01,-2.177891284227371216e-01,-7.231926545500755310e-03,2.537022590637207031e+00
2.054166666666666785e+01,-2.140187770128250122e-01,-7.648497354239225388e-03,2.513307809829711914e+00
2.056250000000000000e+01,-2.097493261098861694e-01,-7.927320897579193115e-03,2.489511489868164062e+00
