0.000000000000000000e+00,9.402219332640932015e-01
8.333333333333333218e-03,9.431251780931597661e-01
1.666666666666666644e-02,9.459460519888643892e-01
2.500000000000000139e-02,9.487164805682722912e-01
3.333333333333333287e-02,9.514710807952033722e-01
4.166666666666666435e-02,9.542341076811919898e-01
5.000000000000000278e-02,9.570214988259155842e-01
5.833333333333333426e-02,9.598418419110963384e-01
6.666666666666666574e-02,9.626947751279363308e-01
7.499999999999999722e-02,9.655874388246979967e-01
8.333333333333332871e-02,9.685285735488875503e-01
9.166666666666666019e-02,9.715327770105750549e-01
1.000000000000000056e-01,9.746260221190119477e-01
1.083333333333333370e-01,9.778397077394873627e-01
1.166666666666666685e-01,9.812121213472949632e-01
1.250000000000000000e-01,9.847832104242959517e-01
1.333333333333333315e-01,9.885856342758647664e-01
1.416666666666666630e-01,9.926367020219126758e-01
1.499999999999999944e-01,9.969329853285679999e-01
1.583333333333333259e-01,1.001456451024746563e+00
1.666666666666666574e-01,1.006185491662033193e+00
1.749999999999999889e-01,1.011102931323211829e+00
1.833333333333333204e-01,1.016193857718904026e+00
1.916666666666666519e-01,1.021444392442423910e+00
2.000000000000000111e-01,1.026837856243437486e+00
2.083333333333333426e-01,1.032349717773622721e+00
2.166666666666666741e-01,1.037946266326703171e+00
2.250000000000000056e-01,1.043562757927803730e+00
2.333333333333333370e-01,1.049138939100987100e+00
2.416666666666666685e-01,1.054627699371769367e+00
2.500000000000000000e-01,1.059971712885355188e+00
2.583333333333333037e-01,1.065127883385216245e+00
2.666666666666666630e-01,1.070056830777601720e+00
2.750000000000000222e-01,1.074723981841112508e+00
2.833333333333333259e-01,1.079122245773515676e+00
2.916666666666666852e-01,1.083242461604791984e+00
2.999999999999999889e-01,1.087059473353168437e+00
3.083333333333333481e-01,1.090574337094460944e+00
3.166666666666666519e-01,1.093798940773586637e+00
3.250000000000000111e-01,1.096730586102774962e+00
3.333333333333333148e-01,1.099386643746888881e+00
3.416666666666666741e-01,1.101798452861975974e+00
3.499999999999999778e-01,1.103986024820539535e+00
3.583333333333333370e-01,1.105977539453803615e+00
3.666666666666666408e-01,1.107797285064602288e+00
3.750000000000000000e-01,1.109461546188834635e+00
3.833333333333333037e-01,1.110991848096742229e+00
3.916666666666666630e-01,1.112399946583518373e+00
4.000000000000000222e-01,1.113694811762371950e+00
4.083333333333333259e-01,1.114877915121537999e+00
4.166666666666666852e-01,1.115955776686374135e+00
4.249999999999999889e-01,1.116932980416150523e+00
4.333333333333333481e-01,1.117812919941528760e+00
4.416666666666666519e-01,1.118598031817304106e+00
4.500000000000000111e-01,1.119295975645883789e+00
4.583333333333333148e-01,1.119912678142418683e+00
4.666666666666666741e-01,1.120447866753063515e+00
4.749999999999999778e-01,1.120891580303948531e+00
4.833333333333333370e-01,1.121220562134426002e+00
4.916666666666666408e-01,1.121397859736277036e+00
5.000000000000000000e-01,1.121379920993472945e+00
5.083333333333333037e-01,1.121118175550407381e+00
5.166666666666666075e-01,1.120560966550172122e+00
5.250000000000000222e-01,1.119659061645016829e+00
5.333333333333333259e-01,1.118368184033465162e+00
5.416666666666666297e-01,1.116652468079623262e+00
5.500000000000000444e-01,1.114487755367002730e+00
5.583333333333333481e-01,1.111863431600132568e+00
5.666666666666666519e-01,1.108779349281571847e+00
5.749999999999999556e-01,1.105240927942722662e+00
5.833333333333333703e-01,1.101259519512677754e+00
5.916666666666666741e-01,1.096853064224261765e+00
5.999999999999999778e-01,1.092044013804998714e+00
6.083333333333332815e-01,1.086855670749927727e+00
6.166666666666666963e-01,1.081311257714168139e+00
6.250000000000000000e-01,1.075431140066954727e+00
6.333333333333333037e-01,1.069239410476715335e+00
6.416666666666666075e-01,1.062759918833596551e+00
6.500000000000000222e-01,1.056018611673134044e+00
6.583333333333333259e-01,1.049044223139711463e+00
6.666666666666666297e-01,1.041869878084231260e+00
6.750000000000000444e-01,1.034536779339078727e+00
6.833333333333333481e-01,1.027095780303027395e+00
6.916666666666666519e-01,1.019606411035425708e+00
6.999999999999999556e-01,1.012134117955933776e+00
7.083333333333333703e-01,1.004753759255558210e+00
7.166666666666666741e-01,9.975419407258403481e-01
7.249999999999999778e-01,9.905725960309497147e-01
7.333333333333332815e-01,9.839058077223031828e-01
7.416666666666666963e-01,9.775853541921212253e-01
7.500000000000000000e-01,9.716579894236441195e-01
7.583333333333333037e-01,9.661755274540320126e-01
7.666666666666666075e-01,9.612083404202385051e-01
7.750000000000000222e-01,9.568202275680441904e-01
7.833333333333333259e-01,9.530619737522828538e-01
7.916666666666666297e-01,9.499887940309681422e-01
8.000000000000000444e-01,9.476208656353660720e-01
8.083333333333333481e-01,9.459414793893046181e-01
8.166666666666666519e-01,9.448965883828311929e-01
8.249999999999999556e-01,9.444114326060207842e-01
8.333333333333333703e-01,9.444490794076851881e-01
8.416666666666666741e-01,9.449341110132531973e-01
8.499999999999999778e-01,9.458035931182605660e-01
8.583333333333332815e-01,9.470020445155008515e-01
8.666666666666666963e-01,9.484577093913935109e-01
8.750000000000000000e-01,9.501095522357666523e-01
8.833333333333333037e-01,9.518937910113404177e-01
8.916666666666666075e-01,9.537460134406121615e-01
9.000000000000000222e-01,9.556250872191138779e-01
9.083333333333333259e-01,9.575034800855896089e-01
9.166666666666666297e-01,9.593448931887040843e-01
9.249999999999999334e-01,9.611312563776762685e-01
9.333333333333333481e-01,9.628565699103458497e-01
9.416666666666666519e-01,9.645058477924177698e-01
9.499999999999999556e-01,9.660663663223539865e-01
9.583333333333333703e-01,9.675437090265138762e-01
9.666666666666666741e-01,9.689546869451143296e-01
9.749999999999999778e-01,9.703054785676296090e-01
9.833333333333332815e-01,9.715992649402690473e-01
9.916666666666666963e-01,9.728684538967848905e-01
1.000000000000000000e+00,9.741450444056818370e-01
1.008333333333333304e+00,9.754638626785703259e-01
1.016666666666666607e+00,9.768646917991037348e-01
1.024999999999999911e+00,9.783842862646262573e-01
1.033333333333333215e+00,9.800566136371993142e-01
1.041666666666666741e+00,9.819099006823328590e-01
1.050000000000000044e+00,9.839670131238839046e-01
1.058333333333333348e+00,9.862506398026829046e-01
1.066666666666666652e+00,9.887757988500012196e-01
1.074999999999999956e+00,9.915570605896277812e-01
1.083333333333333259e+00,9.946037816836067469e-01
1.091666666666666563e+00,9.979150318347816961e-01
1.100000000000000089e+00,1.001484387754007610e+00
1.108333333333333393e+00,1.005301846459975446e+00
1.116666666666666696e+00,1.009343043502041626e+00
1.125000000000000000e+00,1.013579078892603125e+00
1.133333333333333304e+00,1.017973253209986995e+00
1.141666666666666607e+00,1.022484122467079315e+00
1.149999999999999911e+00,1.027067061205092946e+00
1.158333333333333215e+00,1.031671171793100639e+00
1.166666666666666741e+00,1.036259781322925733e+00
1.175000000000000044e+00,1.040790338705184226e+00
1.183333333333333348e+00,1.045234857441086351e+00
1.191666666666666652e+00,1.049561968623298203e+00
1.199999999999999956e+00,1.053755744079554857e+00
1.208333333333333259e+00,1.057798537168597397e+00
1.216666666666666563e+00,1.061672936828391478e+00
1.225000000000000089e+00,1.065372537746203996e+00
1.233333333333333393e+00,1.068891737941190634e+00
1.241666666666666696e+00,1.072222570887101822e+00
1.250000000000000000e+00,1.075360652033761966e+00
1.258333333333333304e+00,1.078311136067271025e+00
1.266666666666666607e+00,1.081082846668007580e+00
1.274999999999999911e+00,1.083683623272895691e+00
1.283333333333333215e+00,1.086113081237517708e+00
1.291666666666666741e+00,1.088379220705103068e+00
1.300000000000000044e+00,1.090499968972720390e+00
1.308333333333333348e+00,1.092493037640684950e+00
1.316666666666666652e+00,1.094373370324551065e+00
1.324999999999999956e+00,1.096152203920123913e+00
1.333333333333333259e+00,1.097848908978533489e+00
1.341666666666666563e+00,1.099479822327012357e+00
1.350000000000000089e+00,1.101052301336494343e+00
1.358333333333333393e+00,1.102565405640012042e+00
1.366666666666666696e+00,1.104020752103231251e+00
1.375000000000000000e+00,1.105418702615130089e+00
1.383333333333333304e+00,1.106752435524692491e+00
1.391666666666666607e+00,1.108012074653431878e+00
1.399999999999999911e+00,1.109193321533110677e+00
1.408333333333333215e+00,1.110290261802537648e+00
1.416666666666666741e+00,1.111288561190271418e+00
1.425000000000000044e+00,1.112168146279044922e+00
1.433333333333333348e+00,1.112906762100370983e+00
1.441666666666666652e+00,1.113470103699968794e+00
1.449999999999999956e+00,1.113816387874527525e+00
1.458333333333333259e+00,1.113900463456376722e+00
1.466666666666666563e+00,1.113683442858125927e+00
1.475000000000000089e+00,1.113123658877948285e+00
1.483333333333333393e+00,1.112188713487006542e+00
1.491666666666666696e+00,1.110848380403651081e+00
1.500000000000000000e+00,1.109084589636208928e+00
1.508333333333333304e+00,1.106882485853416753e+00
1.516666666666666607e+00,1.104230762447187431e+00
1.524999999999999911e+00,1.101135254837154687e+00
1.533333333333333215e+00,1.097596845812122801e+00
1.541666666666666741e+00,1.093616326896002633e+00
1.550000000000000044e+00,1.089209863616295459e+00
1.558333333333333348e+00,1.084389260347297101e+00
1.566666666666666652e+00,1.079180115406134011e+00
1.574999999999999956e+00,1.073599278940732704e+00
1.583333333333333259e+00,1.067674902857576935e+00
1.591666666666666563e+00,1.061438390676621379e+00
1.600000000000000089e+00,1.054926742311630417e+00
1.608333333333333393e+00,1.048182080149323347e+00
1.616666666666666696e+00,1.041248314592054358e+00
1.625000000000000000e+00,1.034178290343671813e+00
1.633333333333333304e+00,1.027025839726489531e+00
1.641666666666666607e+00,1.019850460558237915e+00
1.649999999999999911e+00,1.012714517611539300e+00
1.658333333333333215e+00,1.005685614893479185e+00
1.666666666666666741e+00,9.988309934769262766e-01
1.675000000000000044e+00,9.922200184275002943e-01
1.683333333333333348e+00,9.859178561700451260e-01
1.691666666666666652e+00,9.799845615712104996e-01
1.699999999999999956e+00,9.744738104706255344e-01
1.708333333333333259e+00,9.694361926215097069e-01
1.716666666666666563e+00,9.649126944713216636e-01
1.724999999999999867e+00,9.609385362421984933e-01
1.733333333333333393e+00,9.575358377417377831e-01
1.741666666666666696e+00,9.547102094897561564e-01
1.750000000000000000e+00,9.524667636605330667e-01
1.758333333333333304e+00,9.507848184674859704e-01
1.766666666666666607e+00,9.496242645001146121e-01
1.774999999999999911e+00,9.489551705415029126e-01
1.783333333333333215e+00,9.487291630534261389e-01
1.791666666666666741e+00,9.488769300765680370e-01
1.800000000000000044e+00,9.493586784278305046e-01
1.808333333333333348e+00,9.500888912114833218e-01
1.816666666666666652e+00,9.509977166409853133e-01
1.824999999999999956e+00,9.520309341685335713e-01
1.833333333333333259e+00,9.531604556279519302e-01
1.841666666666666563e+00,9.543216654848106772e-01
1.849999999999999867e+00,9.554805869031239851e-01
1.858333333333333393e+00,9.566454015473376815e-01
1.866666666666666696e+00,9.577818672597498972e-01
1.875000000000000000e+00,9.588994961703248832e-01
1.883333333333333304e+00,9.599771479313849998e-01
1.891666666666666607e+00,9.610296357379792820e-01
1.899999999999999911e+00,9.620482702245957141e-01
1.908333333333333215e+00,9.630791950580990246e-01
1.916666666666666741e+00,9.640818801947834693e-01
1.925000000000000044e+00,9.651053115105561186e-01
1.933333333333333348e+00,9.661635851573614486e-01
1.941666666666666652e+00,9.672727850169990926e-01
1.949999999999999956e+00,9.684331666027474750e-01
1.958333333333333259e+00,9.696609386590813173e-01
1.966666666666666563e+00,9.709748484510171140e-01
1.974999999999999867e+00,9.723897344774045104e-01
1.983333333333333393e+00,9.739223384279572793e-01
1.991666666666666696e+00,9.755968786547198901e-01
2.000000000000000000e+00,9.774369006471362864e-01
2.008333333333333304e+00,9.794644519106425751e-01
2.016666666666666607e+00,9.816964715151814680e-01
2.024999999999999911e+00,9.841446454812240452e-01
2.033333333333333215e+00,9.868187065114571999e-01
2.041666666666666519e+00,9.897231984346339662e-01
2.049999999999999822e+00,9.928512318065627618e-01
2.058333333333333126e+00,9.961984750812294953e-01
2.066666666666666430e+00,9.997539958279930694e-01
2.075000000000000178e+00,1.003496007123854339e+00
2.083333333333333481e+00,1.007402115950633004e+00
2.091666666666666785e+00,1.011447827203343808e+00
2.100000000000000089e+00,1.015589082128292686e+00
2.108333333333333393e+00,1.019792467910702438e+00
2.116666666666666696e+00,1.024020692865729165e+00
2.125000000000000000e+00,1.028231870564250583e+00
2.133333333333333304e+00,1.032397722943235063e+00
2.141666666666666607e+00,1.036491772994940108e+00
2.149999999999999911e+00,1.040483576971530599e+00
2.158333333333333215e+00,1.044339957111073636e+00
2.166666666666666519e+00,1.048036394134685745e+00
2.174999999999999822e+00,1.051569328920841651e+00
2.183333333333333126e+00,1.054912972282787909e+00
2.191666666666666430e+00,1.058062887770021110e+00
2.200000000000000178e+00,1.061011864855783138e+00
2.208333333333333481e+00,1.063756704236540118e+00
2.216666666666666785e+00,1.066318775558583676e+00
2.225000000000000089e+00,1.068694454373694924e+00
2.233333333333333393e+00,1.070892472014171926e+00
2.241666666666666696e+00,1.072941326320395516e+00
2.250000000000000000e+00,1.074838154160161929e+00
2.258333333333333304e+00,1.076612815362216757e+00
2.266666666666666607e+00,1.078286647178189783e+00
2.274999999999999911e+00,1.079877552622872994e+00
2.283333333333333215e+00,1.081410749882155908e+00
2.291666666666666519e+00,1.082900796256737408e+00
2.299999999999999822e+00,1.084366502379095154e+00
2.308333333333333126e+00,1.085825426662069049e+00
2.316666666666666430e+00,1.087280652201686904e+00
2.325000000000000178e+00,1.088728795236278080e+00
2.333333333333333481e+00,1.090166564600484556e+00
2.341666666666666785e+00,1.091582686372287059e+00
2.350000000000000089e+00,1.092961312844205501e+00
2.358333333333333393e+00,1.094271408058749229e+00
2.366666666666666696e+00,1.095482785035025275e+00
2.375000000000000000e+00,1.096558465216684874e+00
2.383333333333333304e+00,1.097459823237648457e+00
2.391666666666666607e+00,1.098142632563692933e+00
2.399999999999999911e+00,1.098562666072433913e+00
2.408333333333333215e+00,1.098682491022242580e+00
2.416666666666666519e+00,1.098464082391652719e+00
2.424999999999999822e+00,1.097875475490483366e+00
2.433333333333333126e+00,1.096889978050194392e+00
2.441666666666666430e+00,1.095491837317307482e+00
2.450000000000000178e+00,1.093667243643178022e+00
2.458333333333333481e+00,1.091407274610271205e+00
2.466666666666666785e+00,1.088714244627424943e+00
2.475000000000000089e+00,1.085605693402089678e+00
2.483333333333333393e+00,1.082100169134863510e+00
2.491666666666666696e+00,1.078212034903578864e+00
2.500000000000000000e+00,1.073960625681244174e+00
2.508333333333333304e+00,1.069372012524905102e+00
2.516666666666666607e+00,1.064478688383524885e+00
2.524999999999999911e+00,1.059314229626548531e+00
2.533333333333333215e+00,1.053907699103424411e+00
2.541666666666666519e+00,1.048291582698032132e+00
2.549999999999999822e+00,1.042498330393894168e+00
2.558333333333333126e+00,1.036565052301607004e+00
2.566666666666666430e+00,1.030527777614277163e+00
2.575000000000000178e+00,1.024420143460329280e+00
2.583333333333333481e+00,1.018280477273951545e+00
2.591666666666666785e+00,1.012148099425996151e+00
2.600000000000000089e+00,1.006065795442990352e+00
2.608333333333333393e+00,1.000071859523134377e+00
2.616666666666666696e+00,9.942172163382696493e-01
2.625000000000000000e+00,9.885492139863502059e-01
2.633333333333333304e+00,9.831171946701495745e-01
2.641666666666666607e+00,9.779668278932920344e-01
2.649999999999999911e+00,9.731446197588340397e-01
2.658333333333333215e+00,9.686981072533759063e-01
2.666666666666666519e+00,9.646571624043190907e-01
2.674999999999999822e+00,9.610681756726052738e-01
2.683333333333333126e+00,9.579524984087348649e-01
2.691666666666666430e+00,9.553276849991667596e-01
2.700000000000000178e+00,9.532011281958396864e-01
2.708333333333333481e+00,9.515767994838443267e-01
2.716666666666666785e+00,9.504284907135466254e-01
2.725000000000000089e+00,9.497221039156682476e-01
2.733333333333333393e+00,9.494042285982198237e-01
2.741666666666666696e+00,9.494283170653304849e-01
2.750000000000000000e+00,9.497422968981309443e-01
2.758333333333333304e+00,9.502780532457886231e-01
2.766666666666666607e+00,9.509535068831613813e-01
2.774999999999999911e+00,9.517391464871997053e-01
2.783333333333333215e+00,9.525965102720087563e-01
2.791666666666666519e+00,9.534819425834306639e-01
2.799999999999999822e+00,9.543682509190086760e-01
2.808333333333333126e+00,9.552429293325901405e-01
2.816666666666666430e+00,9.560834929918512470e-01
2.825000000000000178e+00,9.568827283034905262e-01
2.833333333333333481e+00,9.576475380434884555e-01
2.841666666666666785e+00,9.583847731013210858e-01
2.850000000000000089e+00,9.590891883354011327e-01
2.858333333333333393e+00,9.597699379152514476e-01
2.866666666666666696e+00,9.604466902602651901e-01
2.875000000000000000e+00,9.611247784186924825e-01
2.883333333333333304e+00,9.618229538120292021e-01
2.891666666666666607e+00,9.625393348314786879e-01
2.899999999999999911e+00,9.633121224734726429e-01
2.908333333333333215e+00,9.641621787854450787e-01
2.916666666666666519e+00,9.651090926357303035e-01
2.924999999999999822e+00,9.661831972439874905e-01
2.933333333333333126e+00,9.674021964422497843e-01
2.941666666666666430e+00,9.687917054053426513e-01
2.950000000000000178e+00,9.703743205463494226e-01
2.958333333333333481e+00,9.721725604433214540e-01
2.966666666666666785e+00,9.742029175866000479e-01
2.975000000000000089e+00,9.764774948473849969e-01
2.983333333333333393e+00,9.790004546932138396e-01
2.991666666666666696e+00,9.817716707819652555e-01
3.000000000000000000e+00,9.847791702261619040e-01
3.008333333333333304e+00,9.880051421147622026e-01
3.016666666666666607e+00,9.914244466734398742e-01
3.024999999999999911e+00,9.950063861721472058e-01
3.033333333333333215e+00,9.987149985875738434e-01
3.041666666666666519e+00,1.002509463803780143e+00
3.049999999999999822e+00,1.006344960049067261e+00
3.058333333333333126e+00,1.010189654297561246e+00
3.066666666666666430e+00,1.014011696685910069e+00
3.075000000000000178e+00,1.017762905441446764e+00
3.083333333333333481e+00,1.021416498862940836e+00
3.091666666666666785e+00,1.024952187762642408e+00
3.100000000000000089e+00,1.028351722236292121e+00
3.108333333333333393e+00,1.031602174861049326e+00
3.116666666666666696e+00,1.034691343943665576e+00
3.125000000000000000e+00,1.037618027289764377e+00
3.133333333333333304e+00,1.040379345836981217e+00
3.141666666666666607e+00,1.042975622424993087e+00
3.149999999999999911e+00,1.045419240474181333e+00
3.158333333333333215e+00,1.047723684154039381e+00
3.166666666666666519e+00,1.049897543494066721e+00
3.174999999999999822e+00,1.051948480381307505e+00
3.183333333333333126e+00,1.053897207782199752e+00
3.191666666666666430e+00,1.055764076204183333e+00
3.200000000000000178e+00,1.057566006136787085e+00
3.208333333333333481e+00,1.059312644970384465e+00
3.216666666666666785e+00,1.061021764850482274e+00
3.225000000000000089e+00,1.062711721964468392e+00
3.233333333333333393e+00,1.064396030202512833e+00
3.241666666666666696e+00,1.066078142246827953e+00
3.250000000000000000e+00,1.067767008933329320e+00
3.258333333333333304e+00,1.069466895336438572e+00
3.266666666666666607e+00,1.071174344257540767e+00
3.274999999999999911e+00,1.072877726303879564e+00
3.283333333333333215e+00,1.074565979177407149e+00
3.291666666666666519e+00,1.076223174174377073e+00
3.299999999999999822e+00,1.077824346979088022e+00
3.308333333333333126e+00,1.079339372065933000e+00
3.316666666666666430e+00,1.080739282485891239e+00
3.324999999999999734e+00,1.081992371860849955e+00
3.333333333333333481e+00,1.083063375118265004e+00
3.341666666666666785e+00,1.083914911520097890e+00
3.350000000000000089e+00,1.084517218110658154e+00
3.358333333333333393e+00,1.084838559888087195e+00
3.366666666666666696e+00,1.084849678344029345e+00
3.375000000000000000e+00,1.084524594710549072e+00
3.383333333333333304e+00,1.083843817253839159e+00
3.391666666666666607e+00,1.082796050955457723e+00
3.399999999999999911e+00,1.081363572219429914e+00
3.408333333333333215e+00,1.079542756846566531e+00
3.416666666666666519e+00,1.077330033738042925e+00
3.424999999999999822e+00,1.074730134418483418e+00
3.433333333333333126e+00,1.071751738508966101e+00
3.441666666666666430e+00,1.068400822913894599e+00
3.449999999999999734e+00,1.064695187696239831e+00
3.458333333333333481e+00,1.060650662892305807e+00
3.466666666666666785e+00,1.056289586424741467e+00
3.475000000000000089e+00,1.051636341598241486e+00
3.483333333333333393e+00,1.046716663863004104e+00
3.491666666666666696e+00,1.041561910547175174e+00
3.500000000000000000e+00,1.036203287237938309e+00
3.508333333333333304e+00,1.030679647259937548e+00
3.516666666666666607e+00,1.025028679109311280e+00
3.524999999999999911e+00,1.019292478414455250e+00
3.533333333333333215e+00,1.013514664427029199e+00
3.541666666666666519e+00,1.007742941281026594e+00
3.549999999999999822e+00,1.002025483398616190e+00
3.558333333333333126e+00,9.964102270136910855e-01
3.566666666666666430e+00,9.909480420734413375e-01
3.574999999999999734e+00,9.856883448311993812e-01
3.583333333333333481e+00,9.806785065027474602e-01
3.591666666666666785e+00,9.759655821889123839e-01
3.600000000000000089e+00,9.715990849447410094e-01
3.608333333333333393e+00,9.676799209295249282e-01
3.616666666666666696e+00,9.643982491123843648e-01
3.625000000000000000e+00,9.619812745811091581e-01
3.633333333333333304e+00,9.606455087235619139e-01
3.641666666666666607e+00,9.605808069147865336e-01
3.649999999999999911e+00,9.619289468983973634e-01
3.658333333333333215e+00,9.647797909266295768e-01
3.666666666666666519e+00,9.691721953938852163e-01
3.674999999999999822e+00,9.750980389363171907e-01
3.683333333333333126e+00,9.825042288795953205e-01
3.691666666666666430e+00,9.913136703433405028e-01
3.699999999999999734e+00,1.001418540523787648e+00
3.708333333333333481e+00,1.012724669088114648e+00
3.716666666666666785e+00,1.025118276209669999e+00
3.725000000000000089e+00,1.038506617309381985e+00
3.733333333333333393e+00,1.052819493248913663e+00
3.741666666666666696e+00,1.067990217669423370e+00
3.750000000000000000e+00,1.083973866251698448e+00
3.758333333333333304e+00,1.100747419563036011e+00
3.766666666666666607e+00,1.118307530492475443e+00
3.774999999999999911e+00,1.136648466423916259e+00
3.783333333333333215e+00,1.155744892093960585e+00
3.791666666666666519e+00,1.175548246378392836e+00
3.799999999999999822e+00,1.196022894285170501e+00
3.808333333333333126e+00,1.217086712037956042e+00
3.816666666666666430e+00,1.238678636986135118e+00
3.824999999999999734e+00,1.260729107890831147e+00
3.833333333333333481e+00,1.283179379758394800e+00
3.841666666666666785e+00,1.305973868723422360e+00
3.850000000000000089e+00,1.329056549431326673e+00
3.858333333333333393e+00,1.352383033226360443e+00
3.866666666666666696e+00,1.375913352092706043e+00
3.875000000000000000e+00,1.399598157701553047e+00
3.883333333333333304e+00,1.423375591539783214e+00
3.891666666666666607e+00,1.447223183136593150e+00
3.899999999999999911e+00,1.471109908540672251e+00
3.908333333333333215e+00,1.494995181079433300e+00
3.916666666666666519e+00,1.518851782209186041e+00
3.924999999999999822e+00,1.542674083497358906e+00
3.933333333333333126e+00,1.566451773540910697e+00
3.941666666666666430e+00,1.590138816886273343e+00
3.949999999999999734e+00,1.613716772886552020e+00
3.958333333333333481e+00,1.637179843179863870e+00
3.966666666666666785e+00,1.660520572147667906e+00
3.975000000000000089e+00,1.683708396662995099e+00
3.983333333333333393e+00,1.706714388270334393e+00
3.991666666666666696e+00,1.729528078825284920e+00
4.000000000000000000e+00,1.752132724992773172e+00
4.008333333333332860e+00,1.774517556567165144e+00
4.016666666666666607e+00,1.796655690287523033e+00
4.025000000000000355e+00,1.818537954496852072e+00
4.033333333333333215e+00,1.840153623251378434e+00
4.041666666666666963e+00,1.861486554831951690e+00
4.049999999999999822e+00,1.882529484474047887e+00
4.058333333333333570e+00,1.903267898254690893e+00
4.066666666666666430e+00,1.923692992571906846e+00
4.075000000000000178e+00,1.943799083901215141e+00
4.083333333333333037e+00,1.963572179714766941e+00
4.091666666666666785e+00,1.983004839671685060e+00
4.099999999999999645e+00,2.002092787506958071e+00
4.108333333333333393e+00,2.020828685699607608e+00
4.116666666666666252e+00,2.039206670825164824e+00
4.125000000000000000e+00,2.057215305532818839e+00
4.133333333333332860e+00,2.074839795493630845e+00
4.141666666666666607e+00,2.092067012344675181e+00
4.150000000000000355e+00,2.108882427060057463e+00
4.158333333333333215e+00,2.125270154228940722e+00
4.166666666666666963e+00,2.141213807950249848e+00
4.174999999999999822e+00,2.156694521230771766e+00
4.183333333333333570e+00,2.171697787141298797e+00
4.191666666666666430e+00,2.186213746480051956e+00
4.200000000000000178e+00,2.200223485282451374e+00
4.208333333333333037e+00,2.213714831211737177e+00
4.216666666666666785e+00,2.226682799835633997e+00
4.224999999999999645e+00,2.239117427677671746e+00
4.233333333333333393e+00,2.251006860945924615e+00
4.241666666666666252e+00,2.262340770773958898e+00
4.250000000000000000e+00,2.273109340913096688e+00
4.258333333333332860e+00,2.283300634470865731e+00
4.266666666666666607e+00,2.292909140084578912e+00
4.275000000000000355e+00,2.301928030729977870e+00
4.283333333333333215e+00,2.310349465978246197e+00
4.291666666666666963e+00,2.318168479685728478e+00
4.299999999999999822e+00,2.325378130313098257e+00
4.308333333333333570e+00,2.331970177764997931e+00
4.316666666666666430e+00,2.337941123047867276e+00
4.325000000000000178e+00,2.343287336014898692e+00
4.333333333333333037e+00,2.348005959108399043e+00
4.341666666666666785e+00,2.352090452958341071e+00
4.349999999999999645e+00,2.355538444491698691e+00
4.358333333333333393e+00,2.358345164140485561e+00
4.366666666666666252e+00,2.360509634266924728e+00
4.375000000000000000e+00,2.362031987573833813e+00
4.383333333333332860e+00,2.362908756947827094e+00
4.391666666666666607e+00,2.363139717610760027e+00
4.400000000000000355e+00,2.362724479142844558e+00
4.408333333333333215e+00,2.361662771618123102e+00
4.416666666666666963e+00,2.359952926870954926e+00
4.424999999999999822e+00,2.357596710484604507e+00
4.433333333333333570e+00,2.354598271734771764e+00
4.441666666666666430e+00,2.350962572367052861e+00
4.450000000000000178e+00,2.346696775299850213e+00
4.458333333333333037e+00,2.341806079934685147e+00
4.466666666666666785e+00,2.336297582126852568e+00
4.474999999999999645e+00,2.330186737318629575e+00
4.483333333333333393e+00,2.323491260932152080e+00
4.491666666666666252e+00,2.316229315581959103e+00
4.500000000000000000e+00,2.308455115365677823e+00
4.508333333333332860e+00,2.300229687043727100e+00
4.516666666666666607e+00,2.291637670248904080e+00
4.525000000000000355e+00,2.282839838858252701e+00
4.533333333333333215e+00,2.274079088157151762e+00
4.541666666666666963e+00,2.265746666667093567e+00
4.549999999999999822e+00,2.258492951414838412e+00
4.558333333333333570e+00,2.253446761571912038e+00
4.566666666666666430e+00,2.252233367090215044e+00
4.575000000000000178e+00,2.256053272082385153e+00
4.583333333333333037e+00,2.264638290564864320e+00
4.591666666666666785e+00,2.276888806680771538e+00
4.599999999999999645e+00,2.291840979022750080e+00
4.608333333333333393e+00,2.308814968700769743e+00
4.616666666666666252e+00,2.327309063458656180e+00
4.625000000000000000e+00,2.346844282853337127e+00
4.633333333333332860e+00,2.367032298840182403e+00
4.641666666666666607e+00,2.387625275341116016e+00
4.650000000000000355e+00,2.408378802211193381e+00
4.658333333333333215e+00,2.429025091050326157e+00
4.666666666666666963e+00,2.449323697337504324e+00
4.674999999999999822e+00,2.469080535520745912e+00
4.683333333333333570e+00,2.488158105046283541e+00
4.691666666666666430e+00,2.506486308444364042e+00
4.700000000000000178e+00,2.524040837981952112e+00
4.708333333333333037e+00,2.540838367321750280e+00
4.716666666666666785e+00,2.556949407781380135e+00
4.724999999999999645e+00,2.572464562885858452e+00
4.733333333333333393e+00,2.587473176475346026e+00
4.741666666666666252e+00,2.602009917059197708e+00
4.750000000000000000e+00,2.616046045412512289e+00
4.758333333333332860e+00,2.629556582345068172e+00
4.766666666666666607e+00,2.642500846062854514e+00
4.775000000000000355e+00,2.654820697055447098e+00
4.783333333333333215e+00,2.666475705877152436e+00
4.791666666666666963e+00,2.677479050885267498e+00
4.799999999999999822e+00,2.687852633764547861e+00
4.808333333333333570e+00,2.697591154313117467e+00
4.816666666666666430e+00,2.706682999942520595e+00
4.825000000000000178e+00,2.715124326799662757e+00
4.833333333333333037e+00,2.722924711199115499e+00
4.841666666666666785e+00,2.730077789477161065e+00
4.849999999999999645e+00,2.736587365102973735e+00
4.858333333333333393e+00,2.742456950211100253e+00
4.866666666666666252e+00,2.747694354266327466e+00
4.875000000000000000e+00,2.752298886437062553e+00
4.883333333333332860e+00,2.756267596415623800e+00
4.891666666666666607e+00,2.759601597063376932e+00
4.900000000000000355e+00,2.762295059521659546e+00
4.908333333333333215e+00,2.764346421789786401e+00
4.916666666666666963e+00,2.765758800619483981e+00
4.924999999999999822e+00,2.766536885257181666e+00
4.933333333333333570e+00,2.766674400803001532e+00
4.941666666666666430e+00,2.766171931342097601e+00
4.950000000000000178e+00,2.765021081109289458e+00
4.958333333333333037e+00,2.763236604266460450e+00
4.966666666666666785e+00,2.760817705765997943e+00
4.974999999999999645e+00,2.757781202974658452e+00
4.983333333333333393e+00,2.754137107368831661e+00
4.991666666666666252e+00,2.749883972692611422e+00
5.000000000000000000e+00,2.745021359098034797e+00
5.008333333333332860e+00,2.739572320367182012e+00
5.016666666666666607e+00,2.733526378453293493e+00
5.025000000000000355e+00,2.726888360759864849e+00
5.033333333333333215e+00,2.719677933074978959e+00
5.041666666666666963e+00,2.711912371542002820e+00
5.049999999999999822e+00,2.709737941519137827e+00
5.058333333333333570e+00,2.714993961549591717e+00
5.066666666666666430e+00,2.721680453560519464e+00
5.075000000000000178e+00,2.729653028592277320e+00
5.083333333333333037e+00,2.736987523793900312e+00
5.091666666666666785e+00,2.742588138308553081e+00
5.099999999999999645e+00,2.746558476878925514e+00
5.108333333333333393e+00,2.749029371220566897e+00
5.116666666666666252e+00,2.750091653330587249e+00
5.125000000000000000e+00,2.749773815942830879e+00
5.133333333333332860e+00,2.748179464667645622e+00
5.141666666666666607e+00,2.745330013824799131e+00
5.150000000000000355e+00,2.741329002714710139e+00
5.158333333333333215e+00,2.736162097181008779e+00
5.166666666666666963e+00,2.729874874335286083e+00
5.174999999999999822e+00,2.722577994057667095e+00
5.183333333333333570e+00,2.715020134311006750e+00
5.191666666666666430e+00,2.706975187946529804e+00
5.200000000000000178e+00,2.697918257945931764e+00
5.208333333333333037e+00,2.688267543682079541e+00
5.216666666666666785e+00,2.677890207556838487e+00
5.224999999999999645e+00,2.666841297103375030e+00
5.233333333333333393e+00,2.655108460549922444e+00
5.241666666666666252e+00,2.642668790028943615e+00
5.250000000000000000e+00,2.629540683148420044e+00
5.258333333333332860e+00,2.615909283587321887e+00
5.266666666666666607e+00,2.601873471592886400e+00
5.275000000000000355e+00,2.587343223014259230e+00
5.283333333333333215e+00,2.572270255226390745e+00
5.291666666666666963e+00,2.556606220127700002e+00
5.299999999999999822e+00,2.540306475103346173e+00
5.308333333333333570e+00,2.523328925313841786e+00
5.316666666666666430e+00,2.505654524342295630e+00
5.325000000000000178e+00,2.487244273753672630e+00
5.333333333333333037e+00,2.468061415906490641e+00
5.341666666666666785e+00,2.448043841118835218e+00
5.349999999999999645e+00,2.427120758509788701e+00
5.358333333333333393e+00,2.405335452246791572e+00
5.366666666666666252e+00,2.382695606078657491e+00
5.375000000000000000e+00,2.359281352894044836e+00
5.383333333333332860e+00,2.335268989883316770e+00
5.391666666666666607e+00,2.310900171904543665e+00
5.400000000000000355e+00,2.286645144898916016e+00
5.408333333333333215e+00,2.263160304824888058e+00
5.416666666666666963e+00,2.241984317922796954e+00
5.424999999999999822e+00,2.223112754726370266e+00
5.433333333333333570e+00,2.205624387916796270e+00
5.441666666666666430e+00,2.188991484864402093e+00
5.450000000000000178e+00,2.173643822867264763e+00
5.458333333333333037e+00,2.160758154469001546e+00
5.466666666666666785e+00,2.151052898790564605e+00
5.474999999999999645e+00,2.143836734737496474e+00
5.483333333333333393e+00,2.138446368652219043e+00
5.491666666666666252e+00,2.134883807473132666e+00
5.500000000000000000e+00,2.133487052048836041e+00
5.508333333333332860e+00,2.134324932801284991e+00
5.516666666666666607e+00,2.137266315564701369e+00
5.525000000000000355e+00,2.142246148683727203e+00
5.533333333333333215e+00,2.149257650633204175e+00
5.541666666666666963e+00,2.158218349504984701e+00
5.549999999999999822e+00,2.169011933023734517e+00
5.558333333333333570e+00,2.181025264918318829e+00
5.566666666666666430e+00,2.193404336892399886e+00
5.575000000000000178e+00,2.205512448015219285e+00
5.583333333333333037e+00,2.216862708468978926e+00
5.591666666666666785e+00,2.227074127454164110e+00
5.599999999999999645e+00,2.236291347188436252e+00
5.608333333333333393e+00,2.244701768032795197e+00
5.616666666666666252e+00,2.252321135232360660e+00
5.625000000000000000e+00,2.259179441650854159e+00
5.633333333333332860e+00,2.265302140695050426e+00
5.641666666666666607e+00,2.270696387153030127e+00
5.650000000000000355e+00,2.275367581763322988e+00
5.658333333333333215e+00,2.279331673902253108e+00
5.666666666666666963e+00,2.282613695831808620e+00
5.674999999999999822e+00,2.285228646955859588e+00
5.683333333333333570e+00,2.287211789679137297e+00
5.691666666666666430e+00,2.288595714938741477e+00
5.700000000000000178e+00,2.289432831823893899e+00
5.708333333333333037e+00,2.289793744955422650e+00
5.716666666666666785e+00,2.289748376530693186e+00
5.724999999999999645e+00,2.289393120066088638e+00
5.733333333333333393e+00,2.288846963199165696e+00
5.741666666666666252e+00,2.288195075457077010e+00
5.750000000000000000e+00,2.287310434991226327e+00
5.758333333333332860e+00,2.285931545877141868e+00
5.766666666666666607e+00,2.283976943900197121e+00
5.775000000000000355e+00,2.281428893182292139e+00
5.783333333333333215e+00,2.278296056202800735e+00
5.791666666666666963e+00,2.274579115742578317e+00
5.799999999999999822e+00,2.270316489485375566e+00
5.808333333333333570e+00,2.265486673474206736e+00
5.816666666666666430e+00,2.260112021421431194e+00
5.825000000000000178e+00,2.254197225389462655e+00
5.833333333333333037e+00,2.247765109043465159e+00
5.841666666666666785e+00,2.240858732695041322e+00
5.849999999999999645e+00,2.233522649078854894e+00
5.858333333333333393e+00,2.225780817428115288e+00
5.866666666666666252e+00,2.217660200121082337e+00
5.875000000000000000e+00,2.209232259829228884e+00
5.883333333333332860e+00,2.200531374115710204e+00
5.891666666666666607e+00,2.191626262648377121e+00
5.900000000000000355e+00,2.182593316310857290e+00
5.908333333333333215e+00,2.173540420153428965e+00
5.916666666666666963e+00,2.164611487639370058e+00
5.924999999999999822e+00,2.156165414823284276e+00
5.933333333333333570e+00,2.148910246861493789e+00
5.941666666666666430e+00,2.144187121795232631e+00
5.950000000000000178e+00,2.143378107425741419e+00
5.958333333333333037e+00,2.145527382752140166e+00
5.966666666666666785e+00,2.149090825200255406e+00
5.974999999999999645e+00,2.153421027297005796e+00
5.983333333333333393e+00,2.158208821085928264e+00
5.991666666666666252e+00,2.163202224275409424e+00
6.000000000000000000e+00,2.168214426737789857e+00
6.008333333333332860e+00,2.173051140182204577e+00
6.016666666666666607e+00,2.177511051768215911e+00
6.025000000000000355e+00,2.181477493511401633e+00
6.033333333333333215e+00,2.184843823889584868e+00
6.041666666666666963e+00,2.187584151481268613e+00
6.049999999999999822e+00,2.189682689437983498e+00
6.058333333333333570e+00,2.191148763134222133e+00
6.066666666666666430e+00,2.192029338990497234e+00
6.075000000000000178e+00,2.192367339002237348e+00
6.083333333333333037e+00,2.192204503610051702e+00
6.091666666666666785e+00,2.191560235485908503e+00
6.099999999999999645e+00,2.190451814529962959e+00
6.108333333333333393e+00,2.188910429135299651e+00
6.116666666666666252e+00,2.186938653658348386e+00
6.125000000000000000e+00,2.184549374451777659e+00
6.133333333333332860e+00,2.181778675352197716e+00
6.141666666666666607e+00,2.178706469168476101e+00
6.150000000000000355e+00,2.175384042867461787e+00
6.158333333333333215e+00,2.171811097034133553e+00
6.166666666666666963e+00,2.167983889880996440e+00
6.174999999999999822e+00,2.163914499474554720e+00
6.183333333333333570e+00,2.159631809909475120e+00
6.191666666666666430e+00,2.155196303336849528e+00
6.200000000000000178e+00,2.150705070715777989e+00
6.208333333333333037e+00,2.146278766201582311e+00
6.216666666666666785e+00,2.142001562768516720e+00
6.224999999999999645e+00,2.137968109111705761e+00
6.233333333333333393e+00,2.134296288597598235e+00
6.241666666666666252e+00,2.131044247638470779e+00
6.250000000000000000e+00,2.128307394920696538e+00
6.258333333333332860e+00,2.126167475896835413e+00
6.266666666666666607e+00,2.124627287165489431e+00
6.275000000000000355e+00,2.123690235188733233e+00
6.283333333333333215e+00,2.123363038062828778e+00
6.291666666666666963e+00,2.123698053324288182e+00
6.299999999999999822e+00,2.124640878831882684e+00
6.308333333333333570e+00,2.126110292971287841e+00
6.316666666666666430e+00,2.128098788821168430e+00
6.325000000000000178e+00,2.130476630038182773e+00
6.333333333333333037e+00,2.133088589654334566e+00
6.341666666666666785e+00,2.135815442865500291e+00
6.349999999999999645e+00,2.138591773055006584e+00
6.358333333333333393e+00,2.141405746559338574e+00
6.366666666666666252e+00,2.144240096443525090e+00
6.375000000000000000e+00,2.147067639648700954e+00
6.383333333333332860e+00,2.149851443441765042e+00
6.391666666666666607e+00,2.152549339335956269e+00
6.400000000000000355e+00,2.155096125959456543e+00
6.408333333333333215e+00,2.157417968203015679e+00
6.416666666666666963e+00,2.159475869161276318e+00
6.424999999999999822e+00,2.161267722463940721e+00
6.433333333333333570e+00,2.162802564883614220e+00
6.441666666666666430e+00,2.164051790581858370e+00
6.450000000000000178e+00,2.164947439025429077e+00
6.458333333333333037e+00,2.165456520778625382e+00
6.466666666666666785e+00,2.165540735067975397e+00
6.474999999999999645e+00,2.165207297714608625e+00
6.483333333333333393e+00,2.164460715327472862e+00
6.491666666666666252e+00,2.163310250174976357e+00
6.500000000000000000e+00,2.161785992167208459e+00
6.508333333333332860e+00,2.159941211287967899e+00
6.516666666666666607e+00,2.157804192477559280e+00
6.524999999999999467e+00,2.155432386990319582e+00
6.533333333333333215e+00,2.152902877485409316e+00
6.541666666666666963e+00,2.150309421612766059e+00
6.549999999999999822e+00,2.147777149888006498e+00
6.558333333333333570e+00,2.145397979213422790e+00
6.566666666666666430e+00,2.143270843236208645e+00
6.575000000000000178e+00,2.141425092746814141e+00
6.583333333333333037e+00,2.139818447814505031e+00
6.591666666666666785e+00,2.138469446250121031e+00
6.599999999999999645e+00,2.137370560684561660e+00
6.608333333333333393e+00,2.136538476537655384e+00
6.616666666666666252e+00,2.136067926215291291e+00
6.625000000000000000e+00,2.136063593139051253e+00
6.633333333333332860e+00,2.136672471902886450e+00
6.641666666666666607e+00,2.138014492385740262e+00
6.649999999999999467e+00,2.140140243942813214e+00
6.658333333333333215e+00,2.143014995411982149e+00
6.666666666666666963e+00,2.146541367238026687e+00
6.674999999999999822e+00,2.150575072405475741e+00
6.683333333333333570e+00,2.154955081875942202e+00
6.691666666666666430e+00,2.159526578673470976e+00
6.700000000000000178e+00,2.164161982841839915e+00
6.708333333333333037e+00,2.168762837182626857e+00
6.716666666666666785e+00,2.173244008778192349e+00
6.724999999999999645e+00,2.177531563080978394e+00
6.733333333333333393e+00,2.181554544006999219e+00
6.741666666666666252e+00,2.185251011240765262e+00
6.750000000000000000e+00,2.188579032544450964e+00
6.758333333333332860e+00,2.191513677531653936e+00
6.766666666666666607e+00,2.194041339220932141e+00
6.774999999999999467e+00,2.196158217147463176e+00
6.783333333333333215e+00,2.197855986264631856e+00
6.791666666666666963e+00,2.199125198761050726e+00
6.799999999999999822e+00,2.199949219056866134e+00
6.808333333333333570e+00,2.200323885888018971e+00
6.816666666666666430e+00,2.200254668213945219e+00
6.825000000000000178e+00,2.199737562064264296e+00
6.833333333333333037e+00,2.198778493791716748e+00
6.841666666666666785e+00,2.197397010166564080e+00
6.849999999999999645e+00,2.195603350996114589e+00
6.858333333333333393e+00,2.193408953269476935e+00
6.866666666666666252e+00,2.190831431638208038e+00
6.875000000000000000e+00,2.187891584185593707e+00
6.883333333333332860e+00,2.184615280619650157e+00
6.891666666666666607e+00,2.181048579671658771e+00
6.899999999999999467e+00,2.177239081826162437e+00
6.908333333333333215e+00,2.173231812222578885e+00
6.916666666666666963e+00,2.169085531939212164e+00
6.924999999999999822e+00,2.164852020556677026e+00
6.933333333333333570e+00,2.160569911865593440e+00
6.941666666666666430e+00,2.156279322413670485e+00
6.950000000000000178e+00,2.152031953342428583e+00
6.958333333333333037e+00,2.147877339215646053e+00
6.966666666666666785e+00,2.143889353422808064e+00
6.974999999999999645e+00,2.140167631893424183e+00
6.983333333333333393e+00,2.136824109191981957e+00
6.991666666666666252e+00,2.133988001111661870e+00
7.000000000000000000e+00,2.131736363426244729e+00
7.008333333333332860e+00,2.130077509362058752e+00
7.016666666666666607e+00,2.128995748460948967e+00
7.024999999999999467e+00,2.128494057577166476e+00
7.033333333333333215e+00,2.128555164476058970e+00
7.041666666666666963e+00,2.129140147080666345e+00
7.049999999999999822e+00,2.130175217289425493e+00
7.058333333333333570e+00,2.131565452921717618e+00
7.066666666666666430e+00,2.133219025275747249e+00
7.075000000000000178e+00,2.135059766978823159e+00
7.083333333333333037e+00,2.137028675590023852e+00
7.091666666666666785e+00,2.139079788545910077e+00
7.099999999999999645e+00,2.141168105616367168e+00
7.108333333333333393e+00,2.143238520183241569e+00
7.116666666666666252e+00,2.145227499383853154e+00
7.125000000000000000e+00,2.147080623144383527e+00
7.133333333333332860e+00,2.148747774104517116e+00
7.141666666666666607e+00,2.150179097136967421e+00
7.149999999999999467e+00,2.151332978510412719e+00
7.158333333333333215e+00,2.152170987732436647e+00
7.166666666666666963e+00,2.152673597284286533e+00
7.174999999999999822e+00,2.152839673112664887e+00
7.183333333333333570e+00,2.152666736668983560e+00
7.191666666666666430e+00,2.152160969869108875e+00
7.200000000000000178e+00,2.151332669068554804e+00
7.208333333333333037e+00,2.150203838625991182e+00
7.216666666666666785e+00,2.148809846131343626e+00
7.224999999999999645e+00,2.147187998309450840e+00
7.233333333333333393e+00,2.145380909505569811e+00
7.241666666666666252e+00,2.143435317894403003e+00
7.250000000000000000e+00,2.141405876181346812e+00
7.258333333333332860e+00,2.139344118183097887e+00
7.266666666666666607e+00,2.137285125880727499e+00
7.274999999999999467e+00,2.135249274339185543e+00
7.283333333333333215e+00,2.133239456253090083e+00
7.291666666666666963e+00,2.131282947571233599e+00
7.299999999999999822e+00,2.129407707797014826e+00
7.308333333333333570e+00,2.127639314368028334e+00
7.316666666666666430e+00,2.126022804155072610e+00
7.325000000000000178e+00,2.124622435730397996e+00
7.333333333333333037e+00,2.123502067893537237e+00
7.341666666666666785e+00,2.122721105578241563e+00
7.349999999999999645e+00,2.122327260593311671e+00
7.358333333333333393e+00,2.122348936063647606e+00
7.366666666666666252e+00,2.122810520024577485e+00
7.375000000000000000e+00,2.123696896505894216e+00
7.383333333333332860e+00,2.125005341265933989e+00
7.391666666666666607e+00,2.126688742785733943e+00
7.399999999999999467e+00,2.128699180743069075e+00
7.408333333333333215e+00,2.130971875578665298e+00
7.416666666666666963e+00,2.133435938296862844e+00
7.424999999999999822e+00,2.136020540191104988e+00
7.433333333333333570e+00,2.138661015481369443e+00
7.441666666666666430e+00,2.141294824248584305e+00
7.450000000000000178e+00,2.143858028964145124e+00
7.458333333333333037e+00,2.146300842219188265e+00
7.466666666666666785e+00,2.148572704945370226e+00
7.474999999999999645e+00,2.150629123936728782e+00
7.483333333333333393e+00,2.152446073422620287e+00
7.491666666666666252e+00,2.153999553290684155e+00
7.500000000000000000e+00,2.155257469024831618e+00
7.508333333333332860e+00,2.156225223894970622e+00
7.516666666666666607e+00,2.156893708980774704e+00
7.524999999999999467e+00,2.157264728364907569e+00
7.533333333333333215e+00,2.157341837829199971e+00
7.541666666666666963e+00,2.157124021324329899e+00
7.549999999999999822e+00,2.156626285371880059e+00
7.558333333333333570e+00,2.155869593695258324e+00
7.566666666666666430e+00,2.154891329361429353e+00
7.575000000000000178e+00,2.153736260265228353e+00
7.583333333333333037e+00,2.152451358398778325e+00
7.591666666666666785e+00,2.151082271157987780e+00
7.599999999999999645e+00,2.149666700405869602e+00
7.608333333333333393e+00,2.148251520414323323e+00
7.616666666666666252e+00,2.146892000502121256e+00
7.625000000000000000e+00,2.145644827532084964e+00
7.633333333333332860e+00,2.144555971047036103e+00
7.641666666666666607e+00,2.143673444440626685e+00
7.649999999999999467e+00,2.143045664013312646e+00
7.658333333333333215e+00,2.142702816120935161e+00
7.666666666666666963e+00,2.142662742475821336e+00
7.674999999999999822e+00,2.142936262018219296e+00
7.683333333333333570e+00,2.143522069222856707e+00
7.691666666666666430e+00,2.144404179355363205e+00
7.700000000000000178e+00,2.145564638129815016e+00
7.708333333333333037e+00,2.146967293883052630e+00
7.716666666666666785e+00,2.148568700979675228e+00
7.724999999999999645e+00,2.150312691117334030e+00
7.733333333333333393e+00,2.152136251845143011e+00
7.741666666666666252e+00,2.153982153187755433e+00
7.750000000000000000e+00,2.155796766379040719e+00
7.758333333333332860e+00,2.157533143501250805e+00
7.766666666666666607e+00,2.159149347804766084e+00
7.774999999999999467e+00,2.160610267406471330e+00
7.783333333333333215e+00,2.161893286915989698e+00
7.791666666666666963e+00,2.162983815575780788e+00
7.799999999999999822e+00,2.163868885365832551e+00
7.808333333333333570e+00,2.164539055007784540e+00
7.816666666666666430e+00,2.164992272826144148e+00
7.825000000000000178e+00,2.165230165576850219e+00
7.833333333333333037e+00,2.165247644974362284e+00
7.841666666666666785e+00,2.165042681369468536e+00
7.849999999999999645e+00,2.164615292421982584e+00
7.858333333333333393e+00,2.163958592141556281e+00
7.866666666666666252e+00,2.163064541439006838e+00
7.875000000000000000e+00,2.161935172784935855e+00
7.883333333333332860e+00,2.160572485552000543e+00
7.891666666666666607e+00,2.158975227328979063e+00
7.899999999999999467e+00,2.157155438312768680e+00
7.908333333333333215e+00,2.155138515178731673e+00
7.916666666666666963e+00,2.152953014279978650e+00
7.924999999999999822e+00,2.150625035203516777e+00
7.933333333333333570e+00,2.148187718242541067e+00
7.941666666666666430e+00,2.145680381158039385e+00
7.950000000000000178e+00,2.143151687080974810e+00
7.958333333333333037e+00,2.140644038833581231e+00
7.966666666666666785e+00,2.138194727588106137e+00
7.974999999999999645e+00,2.135842347211706294e+00
7.983333333333333393e+00,2.133636154897536219e+00
7.991666666666666252e+00,2.131625150826821358e+00
8.000000000000000000e+00,2.129849941789594858e+00
8.008333333333332860e+00,2.128351206041878996e+00
8.016666666666665719e+00,2.127170397762054410e+00
8.025000000000000355e+00,2.126340811949531062e+00
8.033333333333333215e+00,2.125883419211504588e+00
8.041666666666666075e+00,2.125795100342423360e+00
8.050000000000000711e+00,2.126074909450735184e+00
8.058333333333333570e+00,2.126719514009959511e+00
8.066666666666666430e+00,2.127697968200483292e+00
8.074999999999999289e+00,2.128977574929214800e+00
8.083333333333333925e+00,2.130517053264819882e+00
8.091666666666666785e+00,2.132260436308297535e+00
8.099999999999999645e+00,2.134139517356846927e+00
8.108333333333332504e+00,2.136079488350662636e+00
8.116666666666667140e+00,2.138016739545065548e+00
8.125000000000000000e+00,2.139889689898641478e+00
8.133333333333332860e+00,2.141641740410279660e+00
8.141666666666665719e+00,2.143229017379427948e+00
8.150000000000000355e+00,2.144607399434296013e+00
8.158333333333333215e+00,2.145738953718723252e+00
8.166666666666666075e+00,2.146600327056054081e+00
8.175000000000000711e+00,2.147180579251245280e+00
8.183333333333333570e+00,2.147469947885447539e+00
8.191666666666666430e+00,2.147458979198548779e+00
8.199999999999999289e+00,2.147149978256664760e+00
8.208333333333333925e+00,2.146554334753169258e+00
8.216666666666666785e+00,2.145679176509206254e+00
8.224999999999999645e+00,2.144541869217112762e+00
8.233333333333332504e+00,2.143171171649820739e+00
8.241666666666667140e+00,2.141598677533981476e+00
8.250000000000000000e+00,2.139853983120524106e+00
8.258333333333332860e+00,2.137978217477918719e+00
8.266666666666665719e+00,2.136021506916294666e+00
8.275000000000000355e+00,2.134025397085552278e+00
8.283333333333333215e+00,2.132032130482961474e+00
8.291666666666666075e+00,2.130096033906463848e+00
8.300000000000000711e+00,2.128268866240024870e+00
8.308333333333333570e+00,2.126600215143154227e+00
8.316666666666666430e+00,2.125145163052946984e+00
8.324999999999999289e+00,2.123954413742615177e+00
8.333333333333333925e+00,2.123062832905707964e+00
8.341666666666666785e+00,2.122509308589572541e+00
8.349999999999999645e+00,2.122313006590247131e+00
8.358333333333332504e+00,2.122479653077393280e+00
8.366666666666667140e+00,2.122998837608124134e+00
8.375000000000000000e+00,2.123868611587359734e+00
8.383333333333332860e+00,2.125059535723397897e+00
8.391666666666665719e+00,2.126513605893749492e+00
8.400000000000000355e+00,2.128186678747260974e+00
8.408333333333333215e+00,2.130048584974860049e+00
8.416666666666666075e+00,2.132035904593371889e+00
8.425000000000000711e+00,2.134088906484713721e+00
8.433333333333333570e+00,2.136175145484921156e+00
8.441666666666666430e+00,2.138252875147278242e+00
8.449999999999999289e+00,2.140287512026167960e+00
8.458333333333333925e+00,2.142242916511422290e+00
8.466666666666666785e+00,2.144100386944620240e+00
8.474999999999999645e+00,2.145846204707695382e+00
8.483333333333332504e+00,2.147460396660652915e+00
8.491666666666667140e+00,2.148931240760418859e+00
8.500000000000000000e+00,2.150249887700460771e+00
8.508333333333332860e+00,2.151406145908206113e+00
8.516666666666665719e+00,2.152392584625146821e+00
8.525000000000000355e+00,2.153206560203133613e+00
8.533333333333333215e+00,2.153836467183538161e+00
8.541666666666666075e+00,2.154270453276163177e+00
8.550000000000000711e+00,2.154510785330648659e+00
8.558333333333333570e+00,2.154569299026044771e+00
8.566666666666666430e+00,2.154444885987082170e+00
8.574999999999999289e+00,2.154142622734595669e+00
8.583333333333333925e+00,2.153682926681465659e+00
8.591666666666666785e+00,2.153088293213567983e+00
8.599999999999999645e+00,2.152378308750765967e+00
8.608333333333332504e+00,2.151574316079060800e+00
8.616666666666667140e+00,2.150708668906512688e+00
8.625000000000000000e+00,2.149814999647589264e+00
8.633333333333332860e+00,2.148916655097029338e+00
8.641666666666665719e+00,2.148048853360042809e+00
8.650000000000000355e+00,2.147245561389885538e+00
8.658333333333333215e+00,2.146520947207232410e+00
8.666666666666666075e+00,2.145901428638603559e+00
8.675000000000000711e+00,2.145404956686097098e+00
8.683333333333333570e+00,2.145039299432116575e+00
8.691666666666666430e+00,2.144808318631715949e+00
8.699999999999999289e+00,2.144713944034080999e+00
8.708333333333333925e+00,2.144750789099334032e+00
8.716666666666666785e+00,2.144908817908736776e+00
8.724999999999999645e+00,2.145180358426740153e+00
8.733333333333332504e+00,2.145553437594666324e+00
8.741666666666667140e+00,2.146013489546918951e+00
8.750000000000000000e+00,2.146545640548700451e+00
8.758333333333332860e+00,2.147127349109013039e+00
8.766666666666665719e+00,2.147734451683842138e+00
8.775000000000000355e+00,2.148342696009108543e+00
8.783333333333333215e+00,2.148928027249103589e+00
8.791666666666666075e+00,2.149455539860593234e+00
8.800000000000000711e+00,2.149898001156735461e+00
8.808333333333333570e+00,2.150237076401329883e+00
8.816666666666666430e+00,2.150447113754810680e+00
8.824999999999999289e+00,2.150503325805794397e+00
8.833333333333333925e+00,2.150395319730713517e+00
8.841666666666666785e+00,2.150118056652183363e+00
8.849999999999999645e+00,2.149655406522505974e+00
8.858333333333332504e+00,2.149008441937903857e+00
8.866666666666667140e+00,2.148181494998788299e+00
8.875000000000000000e+00,2.147173624881220100e+00
8.883333333333332860e+00,2.145997742532289365e+00
8.891666666666665719e+00,2.144666846532442772e+00
8.900000000000000355e+00,2.143201470758713700e+00
8.908333333333333215e+00,2.141612695400894939e+00
8.916666666666666075e+00,2.139929688242453221e+00
8.925000000000000711e+00,2.138183130584529579e+00
8.933333333333333570e+00,2.136405939370867202e+00
8.941666666666666430e+00,2.134622667022168407e+00
8.949999999999999289e+00,2.132877472619942871e+00
8.958333333333333925e+00,2.131212007368356254e+00
8.966666666666666785e+00,2.129668609579364436e+00
8.974999999999999645e+00,2.128283949854218537e+00
8.983333333333332504e+00,2.127098063636203573e+00
8.991666666666667140e+00,2.126156506500230581e+00
9.000000000000000000e+00,2.125490080127842685e+00
9.008333333333332860e+00,2.125123528582384846e+00
9.016666666666665719e+00,2.125055564937662123e+00
9.025000000000000355e+00,2.125277875840355879e+00
9.033333333333333215e+00,2.125784240479938525e+00
9.041666666666666075e+00,2.126539812591404122e+00
9.050000000000000711e+00,2.127482765024345746e+00
9.058333333333333570e+00,2.128551998363306552e+00
9.066666666666666430e+00,2.129677098294159965e+00
9.074999999999999289e+00,2.130790461193586172e+00
9.083333333333333925e+00,2.131803822004471272e+00
9.091666666666666785e+00,2.132621351710206170e+00
9.099999999999999645e+00,2.133163990492825235e+00
9.108333333333332504e+00,2.133381459633654220e+00
9.116666666666667140e+00,2.133197724070805545e+00
9.125000000000000000e+00,2.132568724082572587e+00
9.133333333333332860e+00,2.131439604507240126e+00
9.141666666666665719e+00,2.129784410808028383e+00
9.150000000000000355e+00,2.127592875971031194e+00
9.158333333333333215e+00,2.124861692772822774e+00
9.166666666666666075e+00,2.121614372933843029e+00
9.175000000000000711e+00,2.117864059387211562e+00
9.183333333333333570e+00,2.113632196944278618e+00
9.191666666666666430e+00,2.108928379469153125e+00
9.199999999999999289e+00,2.103754256180560667e+00
9.208333333333333925e+00,2.098111665143710614e+00
9.216666666666666785e+00,2.092004489303736836e+00
9.224999999999999645e+00,2.085445594385903600e+00
9.233333333333332504e+00,2.078445229870295563e+00
9.241666666666667140e+00,2.070996012356609572e+00
9.250000000000000000e+00,2.063092604195652324e+00
9.258333333333332860e+00,2.054728876341727517e+00
9.266666666666665719e+00,2.045897164145115354e+00
9.275000000000000355e+00,2.036600965114101491e+00
9.283333333333333215e+00,2.026834066009105317e+00
9.291666666666666075e+00,2.016601899104188078e+00
9.300000000000000711e+00,2.005915261342101186e+00
9.308333333333333570e+00,1.994778390215786290e+00
9.316666666666666430e+00,1.983198232542497053e+00
9.324999999999999289e+00,1.971181131548836563e+00
9.333333333333333925e+00,1.958730697578888069e+00
9.341666666666666785e+00,1.945851584207514140e+00
9.349999999999999645e+00,1.932551241401702091e+00
9.358333333333332504e+00,1.918839725032679411e+00
9.366666666666667140e+00,1.904726825839724080e+00
9.375000000000000000e+00,1.890227226593673038e+00
9.383333333333332860e+00,1.875360240244855037e+00
9.391666666666665719e+00,1.860143359031905641e+00
9.400000000000000355e+00,1.844596340654118150e+00
9.408333333333333215e+00,1.828743777530971393e+00
9.416666666666666075e+00,1.812610891548643632e+00
