0.000000000000000000e+00,2.152099477825686336e-05
8.333333333333333218e-03,1.981661444006022066e-05
1.666666666666666644e-02,1.784915366442874074e-05
2.500000000000000139e-02,1.572983819642104208e-05
3.333333333333333287e-02,1.354323194391326979e-05
4.166666666666666435e-02,1.126219740399392322e-05
5.000000000000000278e-02,8.892339792510028929e-06
5.833333333333333426e-02,6.528095582325477153e-06
6.666666666666666574e-02,4.198230271867942065e-06
7.499999999999999722e-02,1.842829874476592522e-06
8.333333333333332871e-02,-5.173567387828370556e-07
9.166666666666666019e-02,-2.790736743918387219e-06
1.000000000000000056e-01,-4.943161457049427554e-06
1.083333333333333370e-01,-6.974120879021938890e-06
1.166666666666666685e-01,-8.881923349690623581e-06
1.250000000000000000e-01,-1.062165392795577645e-05
1.333333333333333315e-01,-1.210274149343604222e-05
1.416666666666666630e-01,-1.339146820100722834e-05
1.499999999999999944e-01,-1.457372673030477017e-05
1.583333333333333259e-01,-1.554792652314063162e-05
1.666666666666666574e-01,-1.634935324545949697e-05
1.749999999999999889e-01,-1.708196759864222258e-05
1.833333333333333204e-01,-1.767701178323477507e-05
1.916666666666666519e-01,-1.813374183257110417e-05
2.000000000000000111e-01,-1.852090099419001490e-05
2.083333333333333426e-01,-1.881389107438735664e-05
2.166666666666666741e-01,-1.900384813779965043e-05
2.250000000000000056e-01,-1.912867082864977419e-05
2.333333333333333370e-01,-1.918477028084453195e-05
2.416666666666666685e-01,-1.916011206049006432e-05
2.500000000000000000e-01,-1.907654223032295704e-05
2.583333333333333037e-01,-1.895434070320334285e-05
2.666666666666666630e-01,-1.880021409306209534e-05
2.750000000000000222e-01,-1.862307544797658920e-05
2.833333333333333259e-01,-1.842709207267034799e-05
2.916666666666666852e-01,-1.821036858018487692e-05
2.999999999999999889e-01,-1.798099583538714796e-05
3.083333333333333481e-01,-1.775738928699865937e-05
3.166666666666666519e-01,-1.754965705913491547e-05
3.250000000000000111e-01,-1.735322621243540198e-05
3.333333333333333148e-01,-1.715922007861081511e-05
3.416666666666666741e-01,-1.696844992693513632e-05
3.499999999999999778e-01,-1.679499109741300344e-05
3.583333333333333370e-01,-1.665452509769238532e-05
3.666666666666666408e-01,-1.654507650528103113e-05
3.750000000000000000e-01,-1.643826362851541489e-05
3.833333333333333037e-01,-1.631771192478481680e-05
3.916666666666666630e-01,-1.620653165446128696e-05
4.000000000000000222e-01,-1.610239633009769022e-05
4.083333333333333259e-01,-1.595279172761365771e-05
4.166666666666666852e-01,-1.576311842654831707e-05
4.249999999999999889e-01,-1.561600583954714239e-05
4.333333333333333481e-01,-1.547854481032118201e-05
4.416666666666666519e-01,-1.524895560578443110e-05
4.500000000000000111e-01,-1.495839023846201599e-05
4.583333333333333148e-01,-1.463831358705647290e-05
4.666666666666666741e-01,-1.422946115781087428e-05
4.749999999999999778e-01,-1.372930728393839672e-05
4.833333333333333370e-01,-1.311142386839492247e-05
4.916666666666666408e-01,-1.229947156389243901e-05
5.000000000000000000e-01,-1.130276723415590823e-05
5.083333333333333037e-01,-1.012237680697580799e-05
5.166666666666666075e-01,-8.717657692614011467e-06
5.250000000000000222e-01,-7.145058134483406320e-06
5.333333333333333259e-01,-5.523906111193355173e-06
5.416666666666666297e-01,-3.898804152413504198e-06
5.500000000000000444e-01,-2.245440555270761251e-06
5.583333333333333481e-01,-5.784988843515748158e-07
5.666666666666666519e-01,1.020618469738110434e-06
5.749999999999999556e-01,2.466088517394382507e-06
5.833333333333333703e-01,3.732963932634447701e-06
5.916666666666666741e-01,4.840623205382144079e-06
5.999999999999999778e-01,5.790349405287997797e-06
6.083333333333332815e-01,6.525095614051679149e-06
6.166666666666666963e-01,6.960772680031368509e-06
6.250000000000000000e-01,7.064051260385895148e-06
6.333333333333333037e-01,6.869418484711786732e-06
6.416666666666666075e-01,6.392203886207425967e-06
6.500000000000000222e-01,5.581015102507080883e-06
6.583333333333333259e-01,4.416582214616937563e-06
6.666666666666666297e-01,2.960475285362917930e-06
6.750000000000000444e-01,1.261936063201574143e-06
6.833333333333333481e-01,-6.707034572173142806e-07
6.916666666666666519e-01,-2.804534915412659757e-06
6.999999999999999556e-01,-5.094855168863432482e-06
7.083333333333333703e-01,-7.516328423662343994e-06
7.166666666666666741e-01,-1.002414501272141933e-05
7.249999999999999778e-01,-1.260201770492130890e-05
7.333333333333332815e-01,-1.524066192359896377e-05
7.416666666666666963e-01,-1.783605694072321057e-05
7.500000000000000000e-01,-2.036871046584565192e-05
7.583333333333333037e-01,-2.287271672685164958e-05
7.666666666666666075e-01,-2.520957241358701140e-05
7.750000000000000222e-01,-2.733916153374593705e-05
7.833333333333333259e-01,-2.930209848273079842e-05
7.916666666666666297e-01,-3.098835441051051021e-05
8.000000000000000444e-01,-3.238300632801838219e-05
8.083333333333333481e-01,-3.349218241055496037e-05
8.166666666666666519e-01,-3.428076524869538844e-05
8.249999999999999556e-01,-3.478513826848939061e-05
8.333333333333333703e-01,-3.502092658891342580e-05
8.416666666666666741e-01,-3.498650403344072402e-05
8.499999999999999778e-01,-3.467985516181215644e-05
8.583333333333332815e-01,-3.413963713683187962e-05
8.666666666666666963e-01,-3.343672506161965430e-05
8.750000000000000000e-01,-3.257840216974727809e-05
8.833333333333333037e-01,-3.154088335577398539e-05
8.916666666666666075e-01,-3.035454028577078134e-05
9.000000000000000222e-01,-2.905318615376017988e-05
9.083333333333333259e-01,-2.761731229838915169e-05
9.166666666666666297e-01,-2.605517147458158433e-05
9.249999999999999334e-01,-2.442705590510740876e-05
9.333333333333333481e-01,-2.271971607115119696e-05
9.416666666666666519e-01,-2.086097993014845997e-05
9.499999999999999556e-01,-1.890626481326762587e-05
9.583333333333333703e-01,-1.696006438578478992e-05
9.666666666666666741e-01,-1.496339245932176709e-05
9.749999999999999778e-01,-1.286243696085875854e-05
9.833333333333332815e-01,-1.078273271559737623e-05
9.916666666666666963e-01,-8.774251000431831926e-06
1.000000000000000000e+00,-6.691360340482788160e-06
1.008333333333333304e+00,-4.499924671108601615e-06
1.016666666666666607e+00,-2.310953277628868818e-06
1.024999999999999911e+00,-1.253383743460290134e-07
1.033333333333333215e+00,2.103895440086489543e-06
1.041666666666666741e+00,4.327580427343491465e-06
1.050000000000000044e+00,6.506111731141572818e-06
1.058333333333333348e+00,8.634517143946141005e-06
1.066666666666666652e+00,1.068892197508830577e-05
1.074999999999999956e+00,1.267369043489452451e-05
1.083333333333333259e+00,1.460160819988232106e-05
1.091666666666666563e+00,1.645199517952278256e-05
1.100000000000000089e+00,1.826265906856860965e-05
1.108333333333333393e+00,2.010736898228060454e-05
1.116666666666666696e+00,2.195030174334533513e-05
1.125000000000000000e+00,2.373835013713687658e-05
1.133333333333333304e+00,2.551940269768238068e-05
1.141666666666666607e+00,2.730669984885025769e-05
1.149999999999999911e+00,2.903250424424186349e-05
1.158333333333333215e+00,3.065435521421022713e-05
1.166666666666666741e+00,3.218508209101855755e-05
1.175000000000000044e+00,3.360655682627111673e-05
1.183333333333333348e+00,3.485319030005484819e-05
1.191666666666666652e+00,3.588912659324705601e-05
1.199999999999999956e+00,3.672907041618600488e-05
1.208333333333333259e+00,3.735951031558215618e-05
1.216666666666666563e+00,3.771575575228780508e-05
1.225000000000000089e+00,3.777092933887615800e-05
1.233333333333333393e+00,3.758309321710839868e-05
1.241666666666666696e+00,3.718522202689200640e-05
1.250000000000000000e+00,3.650883081718347967e-05
1.258333333333333304e+00,3.548818494891747832e-05
1.266666666666666607e+00,3.418595588300377131e-05
1.274999999999999911e+00,3.269754597567953169e-05
1.283333333333333215e+00,3.101301626884378493e-05
1.291666666666666741e+00,2.906113513745367527e-05
1.300000000000000044e+00,2.688515814952552319e-05
1.308333333333333348e+00,2.460076211718842387e-05
1.316666666666666652e+00,2.222632792836520821e-05
1.324999999999999956e+00,1.967514981515705585e-05
1.333333333333333259e+00,1.697326479188632220e-05
1.341666666666666563e+00,1.427682946086861193e-05
1.350000000000000089e+00,1.163390788860851899e-05
1.358333333333333393e+00,8.933164281188510358e-06
1.366666666666666696e+00,6.194636625878047198e-06
1.375000000000000000e+00,3.604306130000622943e-06
1.383333333333333304e+00,1.191304590975050814e-06
1.391666666666666607e+00,-1.164355467153654899e-06
1.399999999999999911e+00,-3.397829232199001126e-06
1.408333333333333215e+00,-5.346901616576360539e-06
1.416666666666666741e+00,-7.048814040899742395e-06
1.425000000000000044e+00,-8.592070116719696671e-06
1.433333333333333348e+00,-9.899157703330274671e-06
1.441666666666666652e+00,-1.090054865926504135e-05
1.449999999999999956e+00,-1.164333207270829007e-05
1.458333333333333259e+00,-1.214343137689866126e-05
1.466666666666666563e+00,-1.236151092598447576e-05
1.475000000000000089e+00,-1.231824990099994466e-05
1.483333333333333393e+00,-1.207672085001831874e-05
1.491666666666666696e+00,-1.165598860097816214e-05
1.500000000000000000e+00,-1.104548391595017165e-05
1.508333333333333304e+00,-1.026801328407600522e-05
1.516666666666666607e+00,-9.379780749441124499e-06
1.524999999999999911e+00,-8.406693268625531346e-06
1.533333333333333215e+00,-7.318408279388677329e-06
1.541666666666666741e+00,-6.086314897402189672e-06
1.550000000000000044e+00,-4.742015335068572313e-06
1.558333333333333348e+00,-3.355852641107048839e-06
1.566666666666666652e+00,-1.942317567227291875e-06
1.574999999999999956e+00,-4.321143762808787869e-07
1.583333333333333259e+00,1.214131202686985489e-06
1.591666666666666563e+00,2.915289542215759866e-06
1.600000000000000089e+00,4.573622391035314649e-06
1.608333333333333393e+00,6.222009233169956133e-06
1.616666666666666696e+00,7.953908607305493206e-06
1.625000000000000000e+00,9.734562809171620756e-06
1.633333333333333304e+00,1.144074485637247562e-05
1.641666666666666607e+00,1.308175978920189664e-05
1.649999999999999911e+00,1.479054753872333094e-05
1.658333333333333215e+00,1.655482810747344047e-05
1.666666666666666741e+00,1.821980367822106928e-05
1.675000000000000044e+00,1.983524634852074087e-05
1.683333333333333348e+00,2.158703864552080631e-05
1.691666666666666652e+00,2.333766133233439177e-05
1.699999999999999956e+00,2.490817860234528780e-05
1.708333333333333259e+00,2.653092815307900310e-05
1.716666666666666563e+00,2.821209272951819003e-05
1.724999999999999867e+00,2.965824569400865585e-05
1.733333333333333393e+00,3.104938514297828078e-05
1.741666666666666696e+00,3.242411548853851855e-05
1.750000000000000000e+00,3.350055703776888549e-05
1.758333333333333304e+00,3.449294672464020550e-05
1.766666666666666607e+00,3.540671605151146650e-05
1.774999999999999911e+00,3.601190110202878714e-05
1.783333333333333215e+00,3.652524173958227038e-05
1.791666666666666741e+00,3.692858444992452860e-05
1.800000000000000044e+00,3.706083953147754073e-05
1.808333333333333348e+00,3.710191958816722035e-05
1.816666666666666652e+00,3.706111601786687970e-05
1.824999999999999956e+00,3.678128268802538514e-05
1.833333333333333259e+00,3.634027234511449933e-05
1.841666666666666563e+00,3.581196506274864078e-05
1.849999999999999867e+00,3.506753637338988483e-05
1.858333333333333393e+00,3.405957249924540520e-05
1.866666666666666696e+00,3.287501749582588673e-05
1.875000000000000000e+00,3.147569805150851607e-05
1.883333333333333304e+00,2.975681127281859517e-05
1.891666666666666607e+00,2.776784822344779968e-05
1.899999999999999911e+00,2.554726233938708901e-05
1.908333333333333215e+00,2.300945743627380580e-05
1.916666666666666741e+00,2.017856240854598582e-05
1.925000000000000044e+00,1.714928475848864764e-05
1.933333333333333348e+00,1.384357710776384920e-05
1.941666666666666652e+00,1.021523257804801688e-05
1.949999999999999956e+00,6.454363756347447634e-06
1.958333333333333259e+00,2.644743972268770449e-06
1.966666666666666563e+00,-1.292460069635126274e-06
1.974999999999999867e+00,-5.293491994962096214e-06
1.983333333333333393e+00,-9.192721336148679256e-06
1.991666666666666696e+00,-1.295655783906113356e-05
2.000000000000000000e+00,-1.662808062974363565e-05
2.008333333333333304e+00,-2.016900361923035234e-05
2.016666666666666607e+00,-2.344382482988294214e-05
2.024999999999999911e+00,-2.640136699483264238e-05
2.033333333333333215e+00,-2.914917240559589118e-05
2.041666666666666519e+00,-3.163228393532335758e-05
2.049999999999999822e+00,-3.363601354067213833e-05
2.058333333333333126e+00,-3.526397631503641605e-05
2.066666666666666430e+00,-3.667586497613228858e-05
2.075000000000000178e+00,-3.766707595787011087e-05
2.083333333333333481e+00,-3.817658944171853364e-05
2.091666666666666785e+00,-3.843747981591150165e-05
2.100000000000000089e+00,-3.845036189886741340e-05
2.108333333333333393e+00,-3.811367059824988246e-05
2.116666666666666696e+00,-3.753315832000225782e-05
2.125000000000000000e+00,-3.676754931802861392e-05
2.133333333333333304e+00,-3.576443850761279464e-05
2.141666666666666607e+00,-3.458510764176025987e-05
2.149999999999999911e+00,-3.331658444949425757e-05
2.158333333333333215e+00,-3.191967698512598872e-05
2.166666666666666519e+00,-3.036492307728622109e-05
2.174999999999999822e+00,-2.874257188523188233e-05
2.183333333333333126e+00,-2.711946035560686141e-05
2.191666666666666430e+00,-2.545442657719831914e-05
2.200000000000000178e+00,-2.370984293520450592e-05
2.208333333333333481e+00,-2.193894215452019125e-05
2.216666666666666785e+00,-2.020366628130432218e-05
2.225000000000000089e+00,-1.850060471042525023e-05
2.233333333333333393e+00,-1.679886554484255612e-05
2.241666666666666696e+00,-1.511796290287747979e-05
2.250000000000000000e+00,-1.349781632598023862e-05
2.258333333333333304e+00,-1.193189837067620829e-05
2.266666666666666607e+00,-1.038900063576875255e-05
2.274999999999999911e+00,-8.880668247002176940e-06
2.283333333333333215e+00,-7.437669410137459636e-06
2.291666666666666519e+00,-6.042158474883763120e-06
2.299999999999999822e+00,-4.677413926401641220e-06
2.308333333333333126e+00,-3.390138317627133802e-06
2.316666666666666430e+00,-2.180759565817425027e-06
2.325000000000000178e+00,-9.746765954332659021e-07
2.333333333333333481e+00,2.053208305596854188e-07
2.341666666666666785e+00,1.286939436795364600e-06
2.350000000000000089e+00,2.316550308023579419e-06
2.358333333333333393e+00,3.332206915729329921e-06
2.366666666666666696e+00,4.285983777663204819e-06
2.375000000000000000e+00,5.138753294886555523e-06
2.383333333333333304e+00,5.868782409379491583e-06
2.391666666666666607e+00,6.493789442174602300e-06
2.399999999999999911e+00,7.048840870993444696e-06
2.408333333333333215e+00,7.473200639651622623e-06
2.416666666666666519e+00,7.701504728174768388e-06
2.424999999999999822e+00,7.814136552042327821e-06
2.433333333333333126e+00,7.916609320091083646e-06
2.441666666666666430e+00,7.952335181471426040e-06
2.450000000000000178e+00,7.797445505275391042e-06
2.458333333333333481e+00,7.469282081729033962e-06
2.466666666666666785e+00,7.100941729731857777e-06
2.475000000000000089e+00,6.739337550243362784e-06
2.483333333333333393e+00,6.277839474932989106e-06
2.491666666666666696e+00,5.637666163238463923e-06
2.500000000000000000e+00,4.861708930548047647e-06
2.508333333333333304e+00,4.042745331389596686e-06
2.516666666666666607e+00,3.189896688127191737e-06
2.524999999999999911e+00,2.218737108705681749e-06
2.533333333333333215e+00,1.070658527169143781e-06
2.541666666666666519e+00,-2.201601034812483704e-07
2.549999999999999822e+00,-1.604160843271529302e-06
2.558333333333333126e+00,-3.118803533652680926e-06
2.566666666666666430e+00,-4.809888650925131515e-06
2.575000000000000178e+00,-6.635676072619389743e-06
2.583333333333333481e+00,-8.580527719459496439e-06
2.591666666666666785e+00,-1.071344377123750746e-05
2.600000000000000089e+00,-1.300353869737591594e-05
2.608333333333333393e+00,-1.534094008093234152e-05
2.616666666666666696e+00,-1.775595592334866524e-05
2.625000000000000000e+00,-2.029367533395998180e-05
2.633333333333333304e+00,-2.284308357047848403e-05
2.641666666666666607e+00,-2.533827318984549493e-05
2.649999999999999911e+00,-2.781216971925459802e-05
2.658333333333333215e+00,-3.022738201252650470e-05
2.666666666666666519e+00,-3.250549707445316017e-05
2.674999999999999822e+00,-3.460682273725979030e-05
2.683333333333333126e+00,-3.651927545433863997e-05
2.691666666666666430e+00,-3.818108234554529190e-05
2.700000000000000178e+00,-3.953976192860864103e-05
2.708333333333333481e+00,-4.060210630996152759e-05
2.716666666666666785e+00,-4.130352317588403821e-05
2.725000000000000089e+00,-4.163454286754131317e-05
2.733333333333333393e+00,-4.161274773650802672e-05
2.741666666666666696e+00,-4.118183642276562750e-05
2.750000000000000000e+00,-4.040720887132920325e-05
2.758333333333333304e+00,-3.934382766601629555e-05
2.766666666666666607e+00,-3.792181087192147970e-05
2.774999999999999911e+00,-3.619219933170825243e-05
2.783333333333333215e+00,-3.426799958106130362e-05
2.791666666666666519e+00,-3.210773138562217355e-05
2.799999999999999822e+00,-2.967129512398969382e-05
2.808333333333333126e+00,-2.706999657675623894e-05
2.816666666666666430e+00,-2.437508555885870010e-05
2.825000000000000178e+00,-2.151769149350002408e-05
2.833333333333333481e+00,-1.849709769885521382e-05
2.841666666666666785e+00,-1.544488986837677658e-05
2.850000000000000089e+00,-1.239959419763181359e-05
2.858333333333333393e+00,-9.265043445338960737e-06
2.866666666666666696e+00,-6.067754839023109525e-06
2.875000000000000000e+00,-2.967243972307187505e-06
2.883333333333333304e+00,3.791506486550133559e-08
2.891666666666666607e+00,3.069862032134551555e-06
2.899999999999999911e+00,6.047765509720193222e-06
2.908333333333333215e+00,8.828264071780722588e-06
2.916666666666666519e+00,1.149067793448921293e-05
2.924999999999999822e+00,1.409287233400391415e-05
2.933333333333333126e+00,1.653668186918366700e-05
2.941666666666666430e+00,1.883005643321666867e-05
2.950000000000000178e+00,2.104584746120963246e-05
2.958333333333333481e+00,2.314226549060549587e-05
2.966666666666666785e+00,2.506622513465117663e-05
2.975000000000000089e+00,2.685679282876662910e-05
2.983333333333333393e+00,2.855974707927089185e-05
2.991666666666666696e+00,3.010730324604082853e-05
3.000000000000000000e+00,3.144540460198186338e-05
3.008333333333333304e+00,3.264041151851415634e-05
3.016666666666666607e+00,3.367104000062681735e-05
3.024999999999999911e+00,3.447353810770437121e-05
3.033333333333333215e+00,3.510644819471053779e-05
3.041666666666666519e+00,3.556572482921183109e-05
3.049999999999999822e+00,3.579253461793996394e-05
3.058333333333333126e+00,3.584679507184773684e-05
3.066666666666666430e+00,3.577015377231873572e-05
3.075000000000000178e+00,3.550086694303900003e-05
3.083333333333333481e+00,3.504051346681080759e-05
3.091666666666666785e+00,3.446744449320249259e-05
3.100000000000000089e+00,3.378923065611161292e-05
3.108333333333333393e+00,3.295733040431514382e-05
3.116666666666666696e+00,3.199197089998051524e-05
3.125000000000000000e+00,3.096478394581936300e-05
3.133333333333333304e+00,2.988577580254059285e-05
3.141666666666666607e+00,2.869666241167578846e-05
3.149999999999999911e+00,2.738102193688973784e-05
3.158333333333333215e+00,2.600793777673970908e-05
3.166666666666666519e+00,2.462607153574936092e-05
3.174999999999999822e+00,2.318074439244810492e-05
3.183333333333333126e+00,2.160941039619501680e-05
3.191666666666666430e+00,1.997406980080995709e-05
3.200000000000000178e+00,1.835508919612038881e-05
3.208333333333333481e+00,1.668850563874002546e-05
3.216666666666666785e+00,1.489231908635701984e-05
3.225000000000000089e+00,1.306141166423913091e-05
3.233333333333333393e+00,1.128851636167382821e-05
3.241666666666666696e+00,9.482319910603109747e-06
3.250000000000000000e+00,7.595965598738985136e-06
3.258333333333333304e+00,5.762903583672596142e-06
3.266666666666666607e+00,4.037237886223010719e-06
3.274999999999999911e+00,2.327594302187208086e-06
3.283333333333333215e+00,6.343656195895164274e-07
3.291666666666666519e+00,-9.191928711516084149e-07
3.299999999999999822e+00,-2.296710590599104762e-06
3.308333333333333126e+00,-3.570844000932993367e-06
3.316666666666666430e+00,-4.730470664071617648e-06
3.324999999999999734e+00,-5.666257038683397695e-06
3.333333333333333481e+00,-6.365077297232346609e-06
3.341666666666666785e+00,-6.900260814290959388e-06
3.350000000000000089e+00,-7.253532658069161698e-06
3.358333333333333393e+00,-7.349613042606506497e-06
3.366666666666666696e+00,-7.209348041214980185e-06
3.375000000000000000e+00,-6.904826932441210374e-06
3.383333333333333304e+00,-6.428062533814227208e-06
3.391666666666666607e+00,-5.720225090044550598e-06
3.399999999999999911e+00,-4.785879809787729755e-06
3.408333333333333215e+00,-3.688173364935209975e-06
3.416666666666666519e+00,-2.457900563967996277e-06
3.424999999999999822e+00,-1.070212533704761881e-06
3.433333333333333126e+00,4.917426963402249385e-07
3.441666666666666430e+00,2.192062083850032650e-06
3.449999999999999734e+00,3.984087015851400793e-06
3.458333333333333481e+00,5.862390480615431443e-06
3.466666666666666785e+00,7.850055226299446076e-06
3.475000000000000089e+00,9.933249202731531113e-06
3.483333333333333393e+00,1.204885302286129445e-05
3.491666666666666696e+00,1.416455415892414749e-05
3.500000000000000000e+00,1.632020575925707817e-05
3.508333333333333304e+00,1.852429340942762792e-05
3.516666666666666607e+00,2.068268440780229867e-05
3.524999999999999911e+00,2.274147300340700895e-05
3.533333333333333215e+00,2.477079397067427635e-05
3.541666666666666519e+00,2.677307566045783460e-05
3.549999999999999822e+00,2.862252767954487354e-05
3.558333333333333126e+00,3.030061452591326088e-05
3.566666666666666430e+00,3.190329152857884765e-05
3.574999999999999734e+00,3.338156966492533684e-05
3.583333333333333481e+00,3.461237065494060516e-05
3.591666666666666785e+00,3.566112718544900417e-05
3.600000000000000089e+00,3.651527367765083909e-05
3.608333333333333393e+00,3.693928010761737823e-05
3.616666666666666696e+00,3.692874088301323354e-05
3.625000000000000000e+00,3.663163079181686044e-05
3.633333333333333304e+00,3.584679143386892974e-05
3.641666666666666607e+00,3.481008388916961849e-05
3.649999999999999911e+00,3.334060238557867706e-05
3.658333333333333215e+00,3.162233770126476884e-05
3.666666666666666519e+00,2.952215800178237259e-05
3.674999999999999822e+00,2.720119482546579093e-05
3.683333333333333126e+00,2.458030758134555072e-05
3.691666666666666430e+00,2.182253410865087062e-05
3.699999999999999734e+00,1.892198451969306916e-05
3.708333333333333481e+00,1.610084473213646561e-05
3.716666666666666785e+00,1.342037921858718619e-05
3.725000000000000089e+00,1.115094528358895332e-05
3.733333333333333393e+00,9.472550118516664952e-06
3.741666666666666696e+00,8.572564183850772679e-06
3.750000000000000000e+00,8.789895218797028065e-06
3.758333333333333304e+00,1.020581839838996530e-05
3.766666666666666607e+00,1.300913027080241591e-05
3.774999999999999911e+00,1.690426870482042432e-05
3.783333333333333215e+00,2.161157681257463992e-05
3.791666666666666519e+00,2.724491423578001559e-05
3.799999999999999822e+00,3.349021426402032375e-05
3.808333333333333126e+00,4.029010597150772810e-05
3.816666666666666430e+00,4.771801832248456776e-05
3.824999999999999734e+00,5.549647175939753652e-05
3.833333333333333481e+00,6.366935122059658170e-05
3.841666666666666785e+00,7.227210153359919786e-05
3.850000000000000089e+00,8.107417670544236898e-05
3.858333333333333393e+00,9.010668873088434339e-05
3.866666666666666696e+00,9.944225166691467166e-05
3.875000000000000000e+00,1.088969656848348677e-04
3.883333333333333304e+00,1.184224020107649267e-04
3.891666666666666607e+00,1.281268050661310554e-04
3.899999999999999911e+00,1.379202003590762615e-04
3.908333333333333215e+00,1.476648176321759820e-04
3.916666666666666519e+00,1.574150373926386237e-04
3.924999999999999822e+00,1.672081561991944909e-04
3.933333333333333126e+00,1.769119844539090991e-04
3.941666666666666430e+00,1.864430087152868509e-04
3.949999999999999734e+00,1.958574139280244708e-04
3.958333333333333481e+00,2.051546471193432808e-04
3.966666666666666785e+00,2.142175071639940143e-04
3.975000000000000089e+00,2.229751407867297530e-04
3.983333333333333393e+00,2.314563753316178918e-04
3.991666666666666696e+00,2.396699856035411358e-04
4.000000000000000000e+00,2.475384389981627464e-04
4.008333333333332860e+00,2.549896598793566227e-04
4.016666666666666607e+00,2.620324376039206982e-04
4.025000000000000355e+00,2.687029191292822361e-04
4.033333333333333215e+00,2.749881241470575333e-04
4.041666666666666963e+00,2.808286517392843962e-04
4.049999999999999822e+00,2.861877728719264269e-04
4.058333333333333570e+00,2.910912153311073780e-04
4.066666666666666430e+00,2.955795789603143930e-04
4.075000000000000178e+00,2.996649127453565598e-04
4.083333333333333037e+00,3.033214889001101255e-04
4.091666666666666785e+00,3.065305354539304972e-04
4.099999999999999645e+00,3.093382110819220543e-04
4.108333333333333393e+00,3.118012100458145142e-04
4.116666666666666252e+00,3.139397595077753067e-04
4.125000000000000000e+00,3.157524915877729654e-04
4.133333333333332860e+00,3.172327124048024416e-04
4.141666666666666607e+00,3.183885128237307072e-04
4.150000000000000355e+00,3.192418953403830528e-04
4.158333333333333215e+00,3.198101476300507784e-04
4.166666666666666963e+00,3.200904466211795807e-04
4.174999999999999822e+00,3.200665232725441456e-04
4.183333333333333570e+00,3.197247278876602650e-04
4.191666666666666430e+00,3.190686402376741171e-04
4.200000000000000178e+00,3.181122301612049341e-04
4.208333333333333037e+00,3.168502007611095905e-04
4.216666666666666785e+00,3.152618592139333487e-04
4.224999999999999645e+00,3.133346035610884428e-04
4.233333333333333393e+00,3.110613615717738867e-04
4.241666666666666252e+00,3.084308118559420109e-04
4.250000000000000000e+00,3.054323315154761076e-04
4.258333333333332860e+00,3.020551812369376421e-04
4.266666666666666607e+00,2.982871956191956997e-04
4.275000000000000355e+00,2.941163256764411926e-04
4.283333333333333215e+00,2.895310462918132544e-04
4.291666666666666963e+00,2.845164563041180372e-04
4.299999999999999822e+00,2.790664148051291704e-04
4.308333333333333570e+00,2.731709391809999943e-04
4.316666666666666430e+00,2.668144297786056995e-04
4.325000000000000178e+00,2.599778235889971256e-04
4.333333333333333037e+00,2.526398166082799435e-04
4.341666666666666785e+00,2.447827137075364590e-04
4.349999999999999645e+00,2.364004903938621283e-04
4.358333333333333393e+00,2.274965372635051608e-04
4.366666666666666252e+00,2.180524024879559875e-04
4.375000000000000000e+00,2.080512931570410728e-04
4.383333333333332860e+00,1.974942133529111743e-04
4.391666666666666607e+00,1.863968645920976996e-04
4.400000000000000355e+00,1.747751521179452538e-04
4.408333333333333215e+00,1.626493030926212668e-04
4.416666666666666963e+00,1.500587968621402979e-04
4.424999999999999822e+00,1.370535319438204169e-04
4.433333333333333570e+00,1.236707466887310147e-04
4.441666666666666430e+00,1.099419896490871906e-04
4.450000000000000178e+00,9.591783600626513362e-05
4.458333333333333037e+00,8.167176565621048212e-05
4.466666666666666785e+00,6.727543950546532869e-05
4.474999999999999645e+00,5.277035234030336142e-05
4.483333333333333393e+00,3.816813477897085249e-05
4.491666666666666252e+00,2.347849476791452616e-05
4.500000000000000000e+00,8.732456990401260555e-06
4.508333333333332860e+00,-6.024924005032517016e-06
4.516666666666666607e+00,-2.074472104141023010e-05
4.525000000000000355e+00,-3.536946678650565445e-05
4.533333333333333215e+00,-4.983676990377716720e-05
4.541666666666666963e+00,-6.409758498193696141e-05
4.549999999999999822e+00,-7.811382238287478685e-05
4.558333333333333570e+00,-9.184687223751097918e-05
4.566666666666666430e+00,-1.052886073011904955e-04
4.575000000000000178e+00,-1.184809734695591033e-04
4.583333333333333037e+00,-1.314062246819958091e-04
4.591666666666666785e+00,-1.439587213099002838e-04
4.599999999999999645e+00,-1.561208773637190461e-04
4.608333333333333393e+00,-1.679365523159503937e-04
4.616666666666666252e+00,-1.794691197574138641e-04
4.625000000000000000e+00,-1.905007811728864908e-04
4.633333333333332860e+00,-2.010526950471103191e-04
4.641666666666666607e+00,-2.111399080604314804e-04
4.650000000000000355e+00,-2.207838697358965874e-04
4.658333333333333215e+00,-2.297795290360227227e-04
4.666666666666666963e+00,-2.383319224463775754e-04
4.674999999999999822e+00,-2.464229473844170570e-04
4.683333333333333570e+00,-2.539352281019091606e-04
4.691666666666666430e+00,-2.609192451927810907e-04
4.700000000000000178e+00,-2.674521820154041052e-04
4.708333333333333037e+00,-2.735889866016805172e-04
4.716666666666666785e+00,-2.792433951981365681e-04
4.724999999999999645e+00,-2.844212867785245180e-04
4.733333333333333393e+00,-2.891737676691263914e-04
4.741666666666666252e+00,-2.935001393780112267e-04
4.750000000000000000e+00,-2.973615773953497410e-04
4.758333333333332860e+00,-3.007695195265114307e-04
4.766666666666666607e+00,-3.037640708498656750e-04
4.775000000000000355e+00,-3.063802723772823811e-04
4.783333333333333215e+00,-3.085889038629829884e-04
4.791666666666666963e+00,-3.103687777183949947e-04
4.799999999999999822e+00,-3.117296146228909492e-04
4.808333333333333570e+00,-3.126648371107876301e-04
4.816666666666666430e+00,-3.131594276055693626e-04
4.825000000000000178e+00,-3.132038691546767950e-04
4.833333333333333037e+00,-3.127869858872145414e-04
4.841666666666666785e+00,-3.119083994533866644e-04
4.849999999999999645e+00,-3.105344367213547230e-04
4.858333333333333393e+00,-3.086591314058750868e-04
4.866666666666666252e+00,-3.063307376578450203e-04
4.875000000000000000e+00,-3.035413974430412054e-04
4.883333333333332860e+00,-3.003457095474004745e-04
4.891666666666666607e+00,-2.967870968859642744e-04
4.900000000000000355e+00,-2.928119210992008448e-04
4.908333333333333215e+00,-2.883258566725999117e-04
4.916666666666666963e+00,-2.832972095347940922e-04
4.924999999999999822e+00,-2.777424524538218975e-04
4.933333333333333570e+00,-2.716753515414893627e-04
4.941666666666666430e+00,-2.651081304065883160e-04
4.950000000000000178e+00,-2.580328437034040689e-04
4.958333333333333037e+00,-2.504306321498006582e-04
4.966666666666666785e+00,-2.423020050628110766e-04
4.974999999999999645e+00,-2.336535544600337744e-04
4.983333333333333393e+00,-2.244834904558956623e-04
4.991666666666666252e+00,-2.147882041754201055e-04
5.000000000000000000e+00,-2.045874134637415409e-04
5.008333333333332860e+00,-1.939520298037678003e-04
5.016666666666666607e+00,-1.830031978897750378e-04
5.025000000000000355e+00,-1.718575949780642986e-04
5.033333333333333215e+00,-1.605498837307095528e-04
5.041666666666666963e+00,-1.490582508267834783e-04
5.049999999999999822e+00,-1.374104031128808856e-04
5.058333333333333570e+00,-1.256167306564748287e-04
5.066666666666666430e+00,-1.136678038164973259e-04
5.075000000000000178e+00,-1.015642046695575118e-04
5.083333333333333037e+00,-8.933978824643418193e-05
5.091666666666666785e+00,-7.705556345172226429e-05
5.099999999999999645e+00,-6.479393050540238619e-05
5.108333333333333393e+00,-5.258533565211109817e-05
5.116666666666666252e+00,-4.044671368319541216e-05
5.125000000000000000e+00,-2.837509236996993423e-05
5.133333333333332860e+00,-1.640589471207931638e-05
5.141666666666666607e+00,-4.598935902322409675e-06
5.150000000000000355e+00,6.998507615207927302e-06
5.158333333333333215e+00,1.836293267842847854e-05
5.166666666666666963e+00,2.949249392258934677e-05
5.174999999999999822e+00,4.038763290736824274e-05
5.183333333333333570e+00,5.104255251353606582e-05
5.191666666666666430e+00,6.134756404208019376e-05
5.200000000000000178e+00,7.142325193854048848e-05
5.208333333333333037e+00,8.151346264639869332e-05
5.216666666666666785e+00,9.094197594095021486e-05
5.224999999999999645e+00,9.983628115151077509e-05
5.233333333333333393e+00,1.083401584764942527e-04
5.241666666666666252e+00,1.164157874882221222e-04
5.250000000000000000e+00,1.240712736034765840e-04
5.258333333333332860e+00,1.314240798819810152e-04
5.266666666666666607e+00,1.386533404001966119e-04
5.275000000000000355e+00,1.459310005884617567e-04
5.283333333333333215e+00,1.531240268377587199e-04
5.291666666666666963e+00,1.599604584043845534e-04
5.299999999999999822e+00,1.664302981225773692e-04
5.308333333333333570e+00,1.726220070850104094e-04
5.316666666666666430e+00,1.789607049431651831e-04
5.325000000000000178e+00,1.864011719590052962e-04
5.333333333333333037e+00,1.952150487340986729e-04
5.341666666666666785e+00,2.044383145403116941e-04
5.349999999999999645e+00,2.135158138116821647e-04
5.358333333333333393e+00,2.223138581030070782e-04
5.366666666666666252e+00,2.306341339135542512e-04
5.375000000000000000e+00,2.382676320848986506e-04
5.383333333333332860e+00,2.451926993671804667e-04
5.391666666666666607e+00,2.515190280973911285e-04
5.400000000000000355e+00,2.572986704763025045e-04
5.408333333333333215e+00,2.626741770654916763e-04
5.416666666666666963e+00,2.677865850273519754e-04
5.424999999999999822e+00,2.725051599554717541e-04
5.433333333333333570e+00,2.765913377515971661e-04
5.441666666666666430e+00,2.798315545078366995e-04
5.450000000000000178e+00,2.821812813635915518e-04
5.458333333333333037e+00,2.840345259755849838e-04
5.466666666666666785e+00,2.854967315215617418e-04
5.474999999999999645e+00,2.867906005121767521e-04
5.483333333333333393e+00,2.882623521145433187e-04
5.491666666666666252e+00,2.911053306888788939e-04
5.500000000000000000e+00,2.953268704004585743e-04
5.508333333333332860e+00,3.004409663844853640e-04
5.516666666666666607e+00,3.043896285817027092e-04
5.525000000000000355e+00,3.025608311872929335e-04
5.533333333333333215e+00,2.949520712718367577e-04
5.541666666666666963e+00,2.828513097483664751e-04
5.549999999999999822e+00,2.675828582141548395e-04
5.558333333333333570e+00,2.500939590390771627e-04
5.566666666666666430e+00,2.313925069756805897e-04
5.575000000000000178e+00,2.122814912581816316e-04
5.583333333333333037e+00,1.931793813128024340e-04
5.591666666666666785e+00,1.745227200444787741e-04
5.599999999999999645e+00,1.566080900374799967e-04
5.608333333333333393e+00,1.392464764649048448e-04
5.616666666666666252e+00,1.223942817887291312e-04
5.625000000000000000e+00,1.058472844306379557e-04
5.633333333333332860e+00,8.940402040025219321e-05
5.641666666666666607e+00,7.294759416254237294e-05
5.650000000000000355e+00,5.643956683343276381e-05
5.658333333333333215e+00,3.990775076090358198e-05
5.666666666666666963e+00,2.342553125345148146e-05
5.674999999999999822e+00,7.170686330937314779e-06
5.683333333333333570e+00,-8.640134183224290609e-06
5.691666666666666430e+00,-2.387159838690422475e-05
5.700000000000000178e+00,-3.845617538900114596e-05
5.708333333333333037e+00,-5.244012936600483954e-05
5.716666666666666785e+00,-6.592788849957287312e-05
5.724999999999999645e+00,-7.907293911557644606e-05
5.733333333333333393e+00,-9.205700916936621070e-05
5.741666666666666252e+00,-1.050518912961706519e-04
5.750000000000000000e+00,-1.182124833576381207e-04
5.758333333333332860e+00,-1.315065601374953985e-04
5.766666666666666607e+00,-1.446514943381771445e-04
5.775000000000000355e+00,-1.572966430103406310e-04
5.783333333333333215e+00,-1.692315563559532166e-04
5.791666666666666963e+00,-1.803613267838954926e-04
5.799999999999999822e+00,-1.906460238387808204e-04
5.808333333333333570e+00,-2.000668027903884649e-04
5.816666666666666430e+00,-2.086384047288447618e-04
5.825000000000000178e+00,-2.164200122933834791e-04
5.833333333333333037e+00,-2.234021230833604932e-04
5.841666666666666785e+00,-2.294853911735117435e-04
5.849999999999999645e+00,-2.345453394809737802e-04
5.858333333333333393e+00,-2.384701074333861470e-04
5.866666666666666252e+00,-2.412148460280150175e-04
5.875000000000000000e+00,-2.427899453323334455e-04
5.883333333333332860e+00,-2.432173350825905800e-04
5.891666666666666607e+00,-2.425620477879419923e-04
5.900000000000000355e+00,-2.409147855360060930e-04
5.908333333333333215e+00,-2.382942038821056485e-04
5.916666666666666963e+00,-2.347015251871198416e-04
5.924999999999999822e+00,-2.302466455148532987e-04
5.933333333333333570e+00,-2.250422548968344927e-04
5.941666666666666430e+00,-2.191493113059550524e-04
5.950000000000000178e+00,-2.126642211806029081e-04
5.958333333333333037e+00,-2.055422082776203752e-04
5.966666666666666785e+00,-1.975537743419408798e-04
5.974999999999999645e+00,-1.884414668893441558e-04
5.983333333333333393e+00,-1.782674371497705579e-04
5.991666666666666252e+00,-1.673655933700501919e-04
6.000000000000000000e+00,-1.558677322464063764e-04
6.008333333333332860e+00,-1.438617764506489038e-04
6.016666666666666607e+00,-1.315075205639004707e-04
6.025000000000000355e+00,-1.189951290143653750e-04
6.033333333333333215e+00,-1.064515308826230466e-04
6.041666666666666963e+00,-9.397951362188905478e-05
6.049999999999999822e+00,-8.159781282301992178e-05
6.058333333333333570e+00,-6.932059477549046278e-05
6.066666666666666430e+00,-5.712470738217234612e-05
6.075000000000000178e+00,-4.500773502513766289e-05
6.083333333333333037e+00,-3.299658419564366341e-05
6.091666666666666785e+00,-2.113455957442056388e-05
6.099999999999999645e+00,-9.465506991546135396e-06
6.108333333333333393e+00,1.964261173270642757e-06
6.116666666666666252e+00,1.307707407249836251e-05
6.125000000000000000e+00,2.374484574829693884e-05
6.133333333333332860e+00,3.381560964044183493e-05
6.141666666666666607e+00,4.320125299273058772e-05
6.150000000000000355e+00,5.190314914216287434e-05
6.158333333333333215e+00,5.998822234687395394e-05
6.166666666666666963e+00,6.749460590071976185e-05
6.174999999999999822e+00,7.439262117259204388e-05
6.183333333333333570e+00,8.061894186539575458e-05
6.191666666666666430e+00,8.611485100118443370e-05
6.200000000000000178e+00,9.084871271625161171e-05
6.208333333333333037e+00,9.479998698225244880e-05
6.216666666666666785e+00,9.804809087654575706e-05
6.224999999999999645e+00,1.008921608445234597e-04
6.233333333333333393e+00,1.036695830407552421e-04
6.241666666666666252e+00,1.064897223841398954e-04
6.250000000000000000e+00,1.092515012715011835e-04
6.258333333333332860e+00,1.117488864110782743e-04
6.266666666666666607e+00,1.137951694545336068e-04
6.275000000000000355e+00,1.152696131612174213e-04
6.283333333333333215e+00,1.160840547527186573e-04
6.291666666666666963e+00,1.161085747298784554e-04
6.299999999999999822e+00,1.152317490777932107e-04
6.308333333333333570e+00,1.134175909101031721e-04
6.316666666666666430e+00,1.107246353058144450e-04
6.325000000000000178e+00,1.073054590960964561e-04
6.333333333333333037e+00,1.032585423672571778e-04
6.341666666666666785e+00,9.875960677163675427e-05
6.349999999999999645e+00,9.396950918016955256e-05
6.358333333333333393e+00,8.896175131667405367e-05
6.366666666666666252e+00,8.382210944546386600e-05
6.375000000000000000e+00,7.863726932555437088e-05
6.383333333333332860e+00,7.345958147197961807e-05
6.391666666666666607e+00,6.836388638475909829e-05
6.400000000000000355e+00,6.342745473375543952e-05
6.408333333333333215e+00,5.866096034878864884e-05
6.416666666666666963e+00,5.407218850450590253e-05
6.424999999999999822e+00,4.971708040102384984e-05
6.433333333333333570e+00,4.565451672533527017e-05
6.441666666666666430e+00,4.190083927824161947e-05
6.450000000000000178e+00,3.844413004117086530e-05
6.458333333333333037e+00,3.526135333231650293e-05
6.466666666666666785e+00,3.232445305911824107e-05
6.474999999999999645e+00,2.961041900562122464e-05
6.483333333333333393e+00,2.711601882765535265e-05
6.491666666666666252e+00,2.484815922798588872e-05
6.500000000000000000e+00,2.280867920489981771e-05
6.508333333333332860e+00,2.100098754453938454e-05
6.516666666666666607e+00,1.945614894793834537e-05
6.524999999999999467e+00,1.823367892939131707e-05
6.533333333333333215e+00,1.738028549880255014e-05
6.541666666666666963e+00,1.689393138804007322e-05
6.549999999999999822e+00,1.677326508797705173e-05
6.558333333333333570e+00,1.705921022221446037e-05
6.566666666666666430e+00,1.776630961103364825e-05
6.575000000000000178e+00,1.890960447781253606e-05
6.583333333333333037e+00,2.048268106591422111e-05
6.591666666666666785e+00,2.240064532088581473e-05
6.599999999999999645e+00,2.465621764713432640e-05
6.608333333333333393e+00,2.726893035287503153e-05
6.616666666666666252e+00,3.019011637661606073e-05
6.625000000000000000e+00,3.336573718115687370e-05
6.633333333333332860e+00,3.666718475869856775e-05
6.641666666666666607e+00,3.991718403995037079e-05
6.649999999999999467e+00,4.301927037886343896e-05
6.658333333333333215e+00,4.593404810293577611e-05
6.666666666666666963e+00,4.859952241531573236e-05
6.674999999999999822e+00,5.084554868517443538e-05
6.683333333333333570e+00,5.260976467980071902e-05
6.691666666666666430e+00,5.398994107963517308e-05
6.700000000000000178e+00,5.503063584910705686e-05
6.708333333333333037e+00,5.581043660640716553e-05
6.716666666666666785e+00,5.641988900606520474e-05
6.724999999999999645e+00,5.685023643309250474e-05
6.733333333333333393e+00,5.705641160602681339e-05
6.741666666666666252e+00,5.700272231479175389e-05
6.750000000000000000e+00,5.665767093887552619e-05
6.758333333333332860e+00,5.600280201178975403e-05
6.766666666666666607e+00,5.503433931153267622e-05
6.774999999999999467e+00,5.373690146370790899e-05
6.783333333333333215e+00,5.207561844144947827e-05
6.791666666666666963e+00,5.002155376132577658e-05
6.799999999999999822e+00,4.757001443067565560e-05
6.808333333333333570e+00,4.471367719816043973e-05
6.816666666666666430e+00,4.144667764194309711e-05
6.825000000000000178e+00,3.779757389565929770e-05
6.833333333333333037e+00,3.381118949619121850e-05
6.841666666666666785e+00,2.951678470708429813e-05
6.849999999999999645e+00,2.493503416189923882e-05
6.858333333333333393e+00,2.011642209254205227e-05
6.866666666666666252e+00,1.513688675913726911e-05
6.875000000000000000e+00,1.003080615191720426e-05
6.883333333333332860e+00,4.773536147695267573e-06
6.891666666666666607e+00,-6.277442707869340666e-07
6.899999999999999467e+00,-6.097653113101841882e-06
6.908333333333333215e+00,-1.158353825303493068e-05
6.916666666666666963e+00,-1.709385651338379830e-05
6.924999999999999822e+00,-2.262834823341108859e-05
6.933333333333333570e+00,-2.818423126882407814e-05
6.941666666666666430e+00,-3.378068868187256157e-05
6.950000000000000178e+00,-3.940915121347643435e-05
6.958333333333333037e+00,-4.505575270741246641e-05
6.966666666666666785e+00,-5.074317232356406748e-05
6.974999999999999645e+00,-5.646287172567099333e-05
6.983333333333333393e+00,-6.217838381417095661e-05
6.991666666666666252e+00,-6.788926839362829924e-05
7.000000000000000000e+00,-7.357199501711875200e-05
7.008333333333332860e+00,-7.920499047031626105e-05
7.016666666666666607e+00,-8.477175288135185838e-05
7.024999999999999467e+00,-9.019364370033144951e-05
7.033333333333333215e+00,-9.538425365462899208e-05
7.041666666666666963e+00,-1.002081771730445325e-04
7.049999999999999822e+00,-1.045653916662558913e-04
7.058333333333333570e+00,-1.083967072190716863e-04
7.066666666666666430e+00,-1.115959385060705245e-04
7.075000000000000178e+00,-1.140399763244204223e-04
7.083333333333333037e+00,-1.156452708528377116e-04
7.091666666666666785e+00,-1.164316563517786562e-04
7.099999999999999645e+00,-1.164362984127365053e-04
7.108333333333333393e+00,-1.156344151240773499e-04
7.116666666666666252e+00,-1.140453823609277606e-04
7.125000000000000000e+00,-1.117335195885971189e-04
7.133333333333332860e+00,-1.087063283193856478e-04
7.141666666666666607e+00,-1.049642232828773558e-04
7.149999999999999467e+00,-1.005867306957952678e-04
7.158333333333333215e+00,-9.567476809024810791e-05
7.166666666666666963e+00,-9.027169289765879512e-05
7.174999999999999822e+00,-8.438144141109660268e-05
7.183333333333333570e+00,-7.804360211594030261e-05
7.191666666666666430e+00,-7.132029713829979300e-05
7.200000000000000178e+00,-6.425385799957439303e-05
7.208333333333333037e+00,-5.686967779183760285e-05
7.216666666666666785e+00,-4.921927393297664821e-05
7.224999999999999645e+00,-4.137165888096205890e-05
7.233333333333333393e+00,-3.333678978378884494e-05
7.241666666666666252e+00,-2.507846511434763670e-05
7.250000000000000000e+00,-1.661203350522555411e-05
7.258333333333332860e+00,-7.977039786055684090e-06
7.266666666666666607e+00,8.310452130899648182e-07
7.274999999999999467e+00,9.804393812373746186e-06
7.283333333333333215e+00,1.889038685476407409e-05
7.291666666666666963e+00,2.800253787427209318e-05
7.299999999999999822e+00,3.700485831359401345e-05
7.308333333333333570e+00,4.580641325446777046e-05
7.316666666666666430e+00,5.431595127447508276e-05
7.325000000000000178e+00,6.236631452338770032e-05
7.333333333333333037e+00,6.982313061598688364e-05
7.341666666666666785e+00,7.656593516003340483e-05
7.349999999999999645e+00,8.251301187556236982e-05
7.358333333333333393e+00,8.767456893110647798e-05
7.366666666666666252e+00,9.201424836646765471e-05
7.375000000000000000e+00,9.552505798637866974e-05
7.383333333333332860e+00,9.822156425798311830e-05
7.391666666666666607e+00,1.000557531369850039e-04
7.399999999999999467e+00,1.010833148029632866e-04
7.408333333333333215e+00,1.013274013530462980e-04
7.416666666666666963e+00,1.007607861538417637e-04
7.424999999999999822e+00,9.944887278834357858e-05
7.433333333333333570e+00,9.739033703226596117e-05
7.441666666666666430e+00,9.455521649215370417e-05
7.450000000000000178e+00,9.102770127356052399e-05
7.458333333333333037e+00,8.685382636031135917e-05
7.466666666666666785e+00,8.199724834412336349e-05
7.474999999999999645e+00,7.650220504729077220e-05
7.483333333333333393e+00,7.048077532090246677e-05
7.491666666666666252e+00,6.399115227395668626e-05
7.500000000000000000e+00,5.706846059183590114e-05
7.508333333333332860e+00,4.978599099558778107e-05
7.516666666666666607e+00,4.220452319714240730e-05
7.524999999999999467e+00,3.435230246395803988e-05
7.533333333333333215e+00,2.627569301694165915e-05
7.541666666666666963e+00,1.804851854103617370e-05
7.549999999999999822e+00,9.715986379887908697e-06
7.558333333333333570e+00,1.285887151425413322e-06
7.566666666666666430e+00,-7.209488558146404102e-06
7.575000000000000178e+00,-1.572711516928393394e-05
7.583333333333333037e+00,-2.427114668535068631e-05
7.591666666666666785e+00,-3.284964986960403621e-05
7.599999999999999645e+00,-4.141372846788726747e-05
7.608333333333333393e+00,-4.995503331883810461e-05
7.616666666666666252e+00,-5.849326043971814215e-05
7.625000000000000000e+00,-6.695904448861256242e-05
7.633333333333332860e+00,-7.533058669650927186e-05
7.641666666666666607e+00,-8.364563836948946118e-05
7.649999999999999467e+00,-9.182520443573594093e-05
7.658333333333333215e+00,-9.986025543184950948e-05
7.666666666666666963e+00,-1.078079585568048060e-04
7.674999999999999822e+00,-1.155711652245372534e-04
7.683333333333333570e+00,-1.231191999977454543e-04
7.691666666666666430e+00,-1.304039324168115854e-04
7.700000000000000178e+00,-1.372752885799854994e-04
7.708333333333333037e+00,-1.436977327102795243e-04
7.716666666666666785e+00,-1.495360775152221322e-04
7.724999999999999645e+00,-1.546386338304728270e-04
7.733333333333333393e+00,-1.589749444974586368e-04
7.741666666666666252e+00,-1.624266878934577107e-04
7.750000000000000000e+00,-1.649145706323906779e-04
7.758333333333332860e+00,-1.664637384237721562e-04
7.766666666666666607e+00,-1.670213241595774889e-04
7.774999999999999467e+00,-1.665302552282810211e-04
7.783333333333333215e+00,-1.650334161240607500e-04
7.791666666666666963e+00,-1.625357690500095487e-04
7.799999999999999822e+00,-1.589971943758428097e-04
7.808333333333333570e+00,-1.544707338325679302e-04
7.816666666666666430e+00,-1.490463328082114458e-04
7.825000000000000178e+00,-1.427418756065890193e-04
7.833333333333333037e+00,-1.356221328023821115e-04
7.841666666666666785e+00,-1.278224808629602194e-04
7.849999999999999645e+00,-1.194178039440885186e-04
7.858333333333333393e+00,-1.104444090742617846e-04
7.866666666666666252e+00,-1.009968109428882599e-04
7.875000000000000000e+00,-9.116840374190360308e-05
7.883333333333332860e+00,-8.098610851448029280e-05
7.891666666666666607e+00,-7.050620479276403785e-05
7.899999999999999467e+00,-5.984087329125031829e-05
7.908333333333333215e+00,-4.902786895399913192e-05
7.916666666666666963e+00,-3.803555955528281629e-05
7.924999999999999822e+00,-2.692526868486311287e-05
7.933333333333333570e+00,-1.581664037075825036e-05
7.941666666666666430e+00,-4.727175564767094329e-06
7.950000000000000178e+00,6.343044788081897423e-06
7.958333333333333037e+00,1.727680319163482636e-05
7.966666666666666785e+00,2.801072696456685662e-05
7.974999999999999645e+00,3.853835369227454066e-05
7.983333333333333393e+00,4.871816054219380021e-05
7.991666666666666252e+00,5.844723636982962489e-05
8.000000000000000000e+00,6.768743332941085100e-05
8.008333333333332860e+00,7.629409083165228367e-05
8.016666666666665719e+00,8.420522499363869429e-05
8.025000000000000355e+00,9.137224697042256594e-05
8.033333333333333215e+00,9.769971802597865462e-05
8.041666666666666075e+00,1.032068466884084046e-04
8.050000000000000711e+00,1.078295390470884740e-04
8.058333333333333570e+00,1.115450286306440830e-04
8.066666666666666430e+00,1.144179623224772513e-04
8.074999999999999289e+00,1.163821943919174373e-04
8.083333333333333925e+00,1.174664212157949805e-04
8.091666666666666785e+00,1.177312733489088714e-04
8.099999999999999645e+00,1.171200856333598495e-04
8.108333333333332504e+00,1.156789803644642234e-04
8.116666666666667140e+00,1.134649937739595771e-04
8.125000000000000000e+00,1.104409820982255042e-04
8.133333333333332860e+00,1.066744443960487843e-04
8.141666666666665719e+00,1.022775322780944407e-04
8.150000000000000355e+00,9.725584823172539473e-05
8.158333333333333215e+00,9.165101073449477553e-05
8.166666666666666075e+00,8.558935951441526413e-05
8.175000000000000711e+00,7.911789725767448545e-05
8.183333333333333570e+00,7.222979184007272124e-05
8.191666666666666430e+00,6.502208998426795006e-05
8.199999999999999289e+00,5.759547639172524214e-05
8.208333333333333925e+00,4.994576374883763492e-05
8.216666666666666785e+00,4.209688995615579188e-05
8.224999999999999645e+00,3.417739208089187741e-05
8.233333333333332504e+00,2.623040927574038506e-05
8.241666666666667140e+00,1.820080797187983990e-05
8.250000000000000000e+00,1.017003251035930589e-05
8.258333333333332860e+00,2.280983153468696401e-06
8.266666666666665719e+00,-5.496963694895384833e-06
8.275000000000000355e+00,-1.318484828516375273e-05
8.283333333333333215e+00,-2.064820182567927986e-05
8.291666666666666075e+00,-2.787086305033881217e-05
8.300000000000000711e+00,-3.492653922876343131e-05
8.308333333333333570e+00,-4.174335845164023340e-05
8.316666666666666430e+00,-4.830800753552466631e-05
8.324999999999999289e+00,-5.464452624437399209e-05
8.333333333333333925e+00,-6.064925037208013237e-05
8.341666666666666785e+00,-6.634579767705872655e-05
8.349999999999999645e+00,-7.172179903136566281e-05
8.358333333333332504e+00,-7.665987504879012704e-05
8.366666666666667140e+00,-8.119452104438096285e-05
8.375000000000000000e+00,-8.524979784851893783e-05
8.383333333333332860e+00,-8.874616469256579876e-05
8.391666666666665719e+00,-9.170509292744100094e-05
8.400000000000000355e+00,-9.399374539498239756e-05
8.408333333333333215e+00,-9.556936129229143262e-05
8.416666666666666075e+00,-9.642754594096913934e-05
8.425000000000000711e+00,-9.644339297665283084e-05
8.433333333333333570e+00,-9.562667401041835546e-05
8.441666666666666430e+00,-9.400414273841306567e-05
8.449999999999999289e+00,-9.148365643341094255e-05
8.458333333333333925e+00,-8.811873703962191939e-05
8.466666666666666785e+00,-8.401222294196486473e-05
8.474999999999999645e+00,-7.912672299426048994e-05
8.483333333333332504e+00,-7.348550570895895362e-05
8.491666666666667140e+00,-6.724401464452967048e-05
8.500000000000000000e+00,-6.043929170118644834e-05
8.508333333333332860e+00,-5.305193189997226000e-05
8.516666666666665719e+00,-4.522251765592955053e-05
8.525000000000000355e+00,-3.708429721882566810e-05
8.533333333333333215e+00,-2.862266592273954302e-05
8.541666666666666075e+00,-1.989150769077241421e-05
8.550000000000000711e+00,-1.106352283386513591e-05
8.558333333333333570e+00,-2.178520844609010965e-06
8.566666666666666430e+00,6.809230399085208774e-06
8.574999999999999289e+00,1.579140371177345514e-05
8.583333333333333925e+00,2.462068005115725100e-05
8.591666666666666785e+00,3.334489156259223819e-05
8.599999999999999645e+00,4.197262023808434606e-05
8.608333333333332504e+00,5.035920548834837973e-05
8.616666666666667140e+00,5.847236025147140026e-05
8.625000000000000000e+00,6.633613520534709096e-05
8.633333333333332860e+00,7.383719639619812369e-05
8.641666666666665719e+00,8.091029303614050150e-05
8.650000000000000355e+00,8.755150338402017951e-05
8.658333333333333215e+00,9.363707795273512602e-05
8.666666666666666075e+00,9.912951645674183965e-05
8.675000000000000711e+00,1.040184142766520381e-04
8.683333333333333570e+00,1.081646769307553768e-04
8.691666666666666430e+00,1.115886916522867978e-04
8.699999999999999289e+00,1.143184563261456788e-04
8.708333333333333925e+00,1.162342305178754032e-04
8.716666666666666785e+00,1.173841883428394794e-04
8.724999999999999645e+00,1.178011370939202607e-04
8.733333333333332504e+00,1.174149001599289477e-04
8.741666666666667140e+00,1.163124761660583317e-04
8.750000000000000000e+00,1.145029091276228428e-04
8.758333333333332860e+00,1.119064836530014873e-04
8.766666666666665719e+00,1.086392076103948057e-04
8.775000000000000355e+00,1.047615296556614339e-04
8.783333333333333215e+00,1.002009448711760342e-04
8.791666666666666075e+00,9.506240894552320242e-05
8.800000000000000711e+00,8.945997979026287794e-05
8.808333333333333570e+00,8.333012374350801110e-05
8.816666666666666430e+00,7.672981155337765813e-05
8.824999999999999289e+00,6.983382627367973328e-05
8.833333333333333925e+00,6.262380338739603758e-05
8.841666666666666785e+00,5.506615707417950034e-05
8.849999999999999645e+00,4.733210516860708594e-05
8.858333333333332504e+00,3.950479367631487548e-05
8.866666666666667140e+00,3.150379052385687828e-05
8.875000000000000000e+00,2.342137122468557209e-05
8.883333333333332860e+00,1.543804137327242643e-05
8.891666666666665719e+00,7.524880857090465724e-06
8.900000000000000355e+00,-3.617728623339644400e-07
8.908333333333333215e+00,-8.063634595600888133e-06
8.916666666666666075e+00,-1.550447996123693883e-05
8.925000000000000711e+00,-2.276625127706211060e-05
8.933333333333333570e+00,-2.978475822601467371e-05
8.941666666666666430e+00,-3.644432945293374360e-05
8.949999999999999289e+00,-4.280342182028107345e-05
8.958333333333333925e+00,-4.884932423010468483e-05
8.966666666666666785e+00,-5.447903458843939006e-05
8.974999999999999645e+00,-5.974353916826657951e-05
8.983333333333332504e+00,-6.459895666921511292e-05
8.991666666666667140e+00,-6.895825936226174235e-05
9.000000000000000000e+00,-7.295207615243270993e-05
9.008333333333332860e+00,-7.649824692634865642e-05
9.016666666666665719e+00,-7.954005559440702200e-05
9.025000000000000355e+00,-8.224950579460710287e-05
9.033333333333333215e+00,-8.451096800854429603e-05
9.041666666666666075e+00,-8.633170364191755652e-05
9.050000000000000711e+00,-8.781100041233003139e-05
9.058333333333333570e+00,-8.883645932655781507e-05
9.066666666666666430e+00,-8.947164315031841397e-05
9.074999999999999289e+00,-8.977729157777503133e-05
9.083333333333333925e+00,-8.965504093794152141e-05
9.091666666666666785e+00,-8.913895726436749101e-05
9.099999999999999645e+00,-8.834954496705904603e-05
9.108333333333332504e+00,-8.722976781427860260e-05
9.116666666666667140e+00,-8.575266838306561112e-05
9.125000000000000000e+00,-8.399370562983676791e-05
9.133333333333332860e+00,-8.200824231607839465e-05
9.141666666666665719e+00,-7.980490045156329870e-05
9.150000000000000355e+00,-7.738639396848157048e-05
9.158333333333333215e+00,-7.473363075405359268e-05
9.166666666666666075e+00,-7.187207665992900729e-05
9.175000000000000711e+00,-6.887754716444760561e-05
9.183333333333333570e+00,-6.580619810847565532e-05
9.191666666666666430e+00,-6.270643643802031875e-05
9.199999999999999289e+00,-5.962053182884119451e-05
9.208333333333333925e+00,-5.660695387632586062e-05
9.216666666666666785e+00,-5.375318869482725859e-05
9.224999999999999645e+00,-5.116368265589699149e-05
9.233333333333332504e+00,-4.895498932455666363e-05
9.241666666666667140e+00,-4.725772669189609587e-05
9.250000000000000000e+00,-4.619916944648139179e-05
9.258333333333332860e+00,-4.591684773913584650e-05
9.266666666666665719e+00,-4.656636883737519383e-05
9.275000000000000355e+00,-4.830449688597582281e-05
9.283333333333333215e+00,-5.128969860379584134e-05
9.291666666666666075e+00,-5.567919288296252489e-05
9.300000000000000711e+00,-6.163099169498309493e-05
9.308333333333333570e+00,-6.931135430932044983e-05
9.316666666666666430e+00,-7.889215339673683047e-05
9.324999999999999289e+00,-9.055952250491827726e-05
9.333333333333333925e+00,-1.044936580001376569e-04
9.341666666666666785e+00,-1.208320827572606504e-04
9.349999999999999645e+00,-1.396689185639843345e-04
9.358333333333332504e+00,-1.610602776054292917e-04
9.366666666666667140e+00,-1.850656262831762433e-04
9.375000000000000000e+00,-2.117458934662863612e-04
9.383333333333332860e+00,-2.411103050690144300e-04
9.391666666666665719e+00,-2.731033600866794586e-04
9.400000000000000355e+00,-3.075934655498713255e-04
9.408333333333333215e+00,-3.444143803790211678e-04
9.416666666666666075e+00,-3.834011440631002188e-04
